AK,AL,AR,AZ,CA,CO,CT,DE,FL,GA,HI,IA,ID,IL,IN,KS,KY,LA,MA,MD,ME,MI,MN,MO,MS,MT,NC,ND,NE,NH,NJ,NM,NV,NY,OH,OK,OR,PA,RI,SC,SD,TN,TX,UT,VA,VT,WA,WI,WV,WY
" -141.0205,70.0187 "," -88.1955,35.0041 "," -94.0416,33.0225 ","-112.5989,36.9993 "," -124.4009,41.9983 "," -109.0448,37.0004 "," -73.4875,42.0498 "," -75.7919,39.7188 "," -87.6050,30.9988 "," -85.6082,34.9974 "," -154.6284,19.5158 "," -95.7623,40.5848 "," -117.0319,49.0000 "," -90.6290,42.5116 "," -87.5253,41.7611 "," -102.0506,40.0034 "," -89.5372,36.4986 "," -94.0430,33.0225 "," -72.7789,42.0003 "," -79.4778,39.7220 "," -71.0129,45.3425 "," -88.3713,48.3033 "," -96.4517,43.5008 "," -91.7468,40.6181 "," -90.3049,35.0041 "," -111.0512,44.4750 "," -78.4850,33.7963 "," -104.0501,48.9955 "," -104.0543,42.9986 "," -71.5045,45.0153 "," -74.6950,41.3572 "," -109.0448,36.9971 "," -120.0037,41.9922 "," -79.7624,42.5142 "," -82.3425,38.4385 "," -103.0051,37.0015 "," -124.2444,46.2587 "," -80.5174,42.3261 "," -71.0568,41.3706 "," -80.7001,32.0488 "," -104.0501,45.9435 "," -88.0678,36.6739 "," -106.5715,31.8659 "," -114.0491,36.9982 "," -83.6753,36.6017 "," -73.3427,45.0104 "," -123.3208,49.0023 "," -90.6303,42.5116 "," -79.4765,39.7188 "," -104.0556,41.0037 "
" -141.7291,70.1292 "," -85.6068,34.9918 "," -91.2057,33.0075 "," -110.8630,37.0004 "," -123.6237,42.0024 "," -102.0424,36.9949 "," -73.4247,42.0511 "," -75.7837,39.5210 "," -86.5613,30.9964 "," -84.7266,34.9906 "," -154.8235,19.8894 "," -93.5445,40.5785 "," -116.0486,49.0018 "," -87.0213,42.4924 "," -84.8090,41.7611 "," -102.0506,40.0034 "," -89.3010,36.5074 "," -93.0048,33.0179 "," -72.7405,42.0330 "," -78.3600,39.7220 "," -70.9525,45.3328 "," -87.6050,48.0101 "," -91.2195,43.5017 "," -91.6809,40.5597 "," -88.1955,35.0075 "," -111.3684,44.7311 "," -79.6742,34.8037 "," -104.0446,45.9445 "," -104.0543,41.0027 "," -71.4977,45.0532 "," -74.6559,41.3394 "," -109.0489,31.3337 "," -117.9602,42.0003 "," -79.0672,42.7783 "," -82.2917,38.5707 "," -103.0037,36.5030 "," -124.0384,46.2634 "," -80.0821,42.3961 "," -71.0541,41.3706 "," -80.8978,32.0453 "," -104.0529,43.0026 "," -87.8522,36.6354 "," -106.5042,31.7504 "," -109.0462,37.0026 "," -83.5613,36.6519 "," -73.1827,45.0134 "," -123.0338,49.0027 "," -87.0241,42.4954 "," -79.4806,39.2057 "," -104.0584,44.9949 "
" -144.8163,70.4515 "," -85.1756,32.8404 "," -91.1989,33.1180 "," -109.0475,37.0004 "," -123.1526,42.0126 "," -102.0534,41.0006 "," -72.8146,42.0371 "," -75.7288,38.9081 "," -85.5313,31.0035 "," -84.1580,34.9895 "," -155.0391,20.1849 "," -91.7372,40.6129 "," -116.0445,47.9752 "," -87.2067,41.7641 "," -84.8199,39.0981 "," -102.0438,36.9927 "," -88.6871,36.5008 "," -91.1646,33.0087 "," -72.3779,42.0330 "," -75.7878,39.7220 "," -70.8618,45.2294 "," -84.8584,46.8902 "," -91.3101,43.8226 "," -91.6260,40.5472 "," -88.0994,34.8882 "," -111.5071,44.6198 "," -80.8003,34.8206 "," -96.5671,45.9340 "," -102.0506,41.0006 "," -71.4619,45.0910 "," -73.8940,40.9934 "," -108.2140,31.3349 "," -117.0264,42.0003 "," -78.9313,42.8508 "," -82.1722,38.5965 "," -100.0003,36.4986 "," -124.0205,46.2891 "," -79.7621,42.5167 "," -71.1447,41.6339 "," -81.1134,32.1105 "," -98.4993,42.9946 "," -83.6787,36.6023 "," -106.3092,31.6242 "," -109.0503,40.9986 "," -83.4432,36.6673 "," -72.7432,45.0153 "," -122.0650,49.0018 "," -87.1477,43.3721 "," -79.0576,39.4871 "," -111.0539,44.9998 "
" -148.4583,70.7471 "," -84.8927,32.2593 "," -91.1041,33.1824 "," -109.0503,31.3325 "," -122.0073,42.0075 "," -109.0489,40.9996 "," -72.8174,41.9983 "," -75.7068,38.5911 "," -85.1193,31.0012 "," -83.1088,34.9996 "," -155.5952,20.3910 "," -91.6768,40.5545 "," -115.6915,47.5765 "," -87.5226,41.7611 "," -84.8927,39.0533 "," -94.6211,36.9982 "," -88.0568,36.4931 "," -91.2209,32.9269 "," -71.7984,42.0228 "," -75.7809,39.5655 "," -70.8247,45.3917 "," -84.7650,46.6362 "," -91.4914,43.9651 "," -91.5463,40.4658 "," -88.1241,34.7044 "," -111.4673,44.5386 "," -80.7880,34.9377 "," -96.6028,46.3242 "," -102.0493,40.0034 "," -71.4276,45.1520 "," -73.9586,40.8398 "," -108.2071,31.7795 "," -115.7300,42.0003 "," -78.9024,42.9061 "," -82.1997,38.7712 "," -99.9934,34.5620 "," -123.9368,46.2407 "," -79.7607,42.0003 "," -71.1942,41.6791 "," -81.1423,32.2058 "," -98.4444,42.9283 "," -81.9402,36.5946 "," -106.2103,31.4638 "," -111.0471,41.0006 "," -83.3080,36.7108 "," -72.6100,45.0134 "," -121.7491,48.9973 "," -87.1230,43.6838 "," -78.9725,39.4394 "," -111.0457,40.9986 "
" -151.1609,70.7923 "," -85.0342,32.1535 "," -91.1343,33.3053 "," -111.0718,31.3325 "," -121.2369,41.9962 "," -109.0448,37.0004 "," -72.7638,42.0044 "," -75.6944,38.4600 "," -85.0012,31.0023 "," -83.1418,34.9287 "," -155.7930,20.8614 "," -91.6246,40.5451 "," -115.7574,47.5487 "," -87.5336,39.6417 "," -84.8625,38.8996 "," -94.6046,38.8803 "," -88.0692,36.6695 "," -91.1220,32.8773 "," -71.8011,42.0085 "," -75.7617,39.3152 "," -70.7808,45.4274 "," -84.5563,46.4606 "," -91.7084,44.1113 "," -91.4337,40.3675 "," -88.2573,33.6661 "," -111.8285,44.5151 "," -80.9377,35.1019 "," -96.7978,46.6636 "," -95.3091,39.9992 "," -71.3960,45.2043 "," -74.0094,40.7691 "," -106.5317,31.7830 "," -114.0436,41.9952 "," -78.9313,42.9554 "," -82.0294,39.0181 "," -99.6172,34.3763 "," -123.8681,46.2388 "," -75.3580,41.9983 "," -71.2793,41.7611 "," -81.1821,32.3846 "," -98.1958,42.8438 "," -81.9209,36.6144 "," -106.0181,31.3912 "," -111.0498,41.9993 "," -83.1974,36.7389 "," -72.5551,45.0075 "," -121.5912,48.9991 "," -86.9911,44.1694 "," -78.7747,39.6438 "," -104.0556,41.0006 "
" -152.6221,71.1470 "," -85.1358,31.7947 "," -91.1646,33.4211 "," -114.8126,32.4935 "," -119.9982,41.9983 ",," -72.7563,42.0360 "," -74.8608,38.4482 "," -84.9847,30.9364 "," -83.3025,34.8318 "," -156.1858,21.0948 "," -91.4365,40.3622 "," -115.7595,47.4239 "," -87.5308,39.3566 "," -84.8268,38.8312 "," -94.6143,39.0789 "," -87.8535,36.6343 "," -91.1481,32.8358 "," -71.3850,42.0197 "," -75.7329,38.9498 "," -70.6380,45.3830 "," -84.4780,46.4525 "," -91.8951,44.2806 "," -91.5161,40.1663 "," -88.4756,31.8939 "," -111.8848,44.5592 "," -81.0379,35.0356 "," -96.7896,46.8602 "," -95.4808,40.2397 "," -71.4455,45.2362 "," -74.0231,40.6994 "," -106.6223,32.0034 "," -114.0546,38.2856 "," -78.9656,42.9584 "," -81.8729,38.8750 "," -99.5787,34.4137 "," -123.7390,46.2691 "," -75.2673,41.9431 "," -71.3315,41.7775 "," -81.1986,32.4576 "," -98.0571,42.7773 "," -81.6518,36.6111 "," -105.7874,31.1846 "," -114.0395,41.9901 "," -83.1363,36.7433 "," -72.4562,45.0090 "," -119.6082,49.0009 "," -86.8579,44.4828 "," -78.6703,39.5369 ",
" -153.9954,71.1185 "," -85.0438,31.5200 "," -91.2263,33.4337 "," -114.8099,32.5184 "," -120.0037,39.0021 ",," -72.6945,42.0368 "," -74.8526,38.8654 "," -84.9367,30.8845 "," -83.3560,34.7281 "," -156.6595,21.3597 "," -91.3623,40.4637 "," -115.5350,47.3109 "," -87.6517,39.1386 "," -84.8145,38.7841 "," -94.6184,39.1971 "," -86.5654,36.6265 "," -91.1412,32.7642 "," -71.3837,41.8961 "," -75.6944,38.4611 "," -70.7190,45.5092 "," -84.4450,46.4894 "," -91.9556,44.3710 "," -91.4900,39.9866 "," -88.4180,30.8657 "," -112.1127,44.5229 "," -81.0324,35.1457 "," -96.7896,46.9503 "," -95.6470,40.3130 "," -71.3878,45.2372 "," -74.0437,40.6786 "," -103.0696,31.9999 "," -114.0491,36.1955 "," -79.0219,42.9886 "," -81.7644,38.9359 "," -99.4290,34.3763 "," -123.6868,46.2520 "," -75.1794,41.8696 "," -71.3425,41.7918 "," -81.2769,32.5283 "," -97.9761,42.7631 "," -81.7163,36.3295 "," -105.5663,31.0012 "," -114.0504,37.0015 "," -83.1047,36.8032 "," -72.3113,45.0037 "," -118.0378,49.0005 "," -86.6876,44.8792 "," -78.5742,39.5210 ",
" -154.8853,71.4307 "," -85.0836,31.3384 "," -91.2524,33.5403 "," -114.8044,32.5827 "," -117.9575,37.5555 ",," -72.6086,42.0309 "," -75.0504,38.8451 "," -84.9271,30.8409 "," -83.3080,34.6569 "," -157.1182,21.4748 "," -91.4021,40.5482 "," -115.3235,47.2606 "," -87.5157,38.9445 "," -84.8941,38.7905 "," -94.7255,39.1673 "," -83.6375,36.5979 "," -91.1536,32.6382 "," -71.3411,41.8982 "," -74.8581,38.4482 "," -70.5721,45.6544 "," -84.4203,46.5008 "," -92.2083,44.4357 "," -91.4447,39.8634 "," -88.3850,30.1594 "," -112.3270,44.5367 "," -81.3867,35.1660 "," -96.8335,47.1300 "," -95.6689,40.4302 "," -71.3617,45.2710 "," -74.0808,40.6515 "," -103.0023,36.9982 "," -114.0985,36.1334 "," -79.0027,43.0568 "," -81.7397,39.1865 "," -99.3823,34.4534 "," -123.6456,46.2596 "," -75.0586,41.7713 "," -71.3507,41.8225 "," -81.4087,32.5838 "," -97.8566,42.8599 "," -81.7973,36.3516 "," -105.4015,30.8456 ",," -83.1033,36.8302 "," -72.0964,45.0066 "," -117.0319,48.9996 "," -86.2523,45.2343 "," -78.4644,39.5210 ",
" -156.7529,71.5232 "," -85.1070,31.2093 "," -91.1797,33.6112 "," -114.7992,32.6246 "," -116.3699,36.3594 ",," -72.6059,42.0269 "," -75.1678,39.0565 "," -84.9257,30.7902 "," -83.1528,34.5744 "," -157.5247,21.5515 "," -91.1124,40.6931 "," -115.2878,47.1888 "," -87.5047,38.7294 "," -84.9861,38.7809 "," -94.8793,39.2759 "," -83.3423,36.6860 "," -91.1069,32.5804 "," -71.3370,41.8358 "," -74.9721,38.0200 "," -70.3894,45.7292 "," -84.3956,46.4989 "," -92.3360,44.5513 "," -91.3623,39.7283 "," -88.8327,30.0905 "," -112.3901,44.4475 "," -82.2739,35.1985 "," -96.8335,47.2345 "," -95.7500,40.5900 "," -71.2834,45.3029 "," -74.1357,40.6421 "," -109.0475,36.9982 "," -114.1260,36.1068 "," -79.0727,43.0769 "," -81.5680,39.2812 "," -99.2505,34.3616 "," -123.5468,46.2577 "," -75.0366,41.6729 "," -71.3370,41.8512 "," -81.4183,32.6926 "," -97.2290,42.8518 "," -81.9072,36.2974 "," -105.0032,30.6462 ",," -83.0704,36.8544 "," -71.9131,45.0070 "," -117.0415,47.9614 "," -86.7535,45.4418 "," -78.4094,39.6015 ",
" -157.9449,71.2796 "," -84.9944,31.0023 "," -91.2524,33.6855 "," -114.7474,32.6700 "," -114.6368,35.0075 ",," -72.5784,42.0269 "," -75.3236,39.2525 "," -84.9147,30.7489 "," -83.0072,34.4839 "," -157.8186,21.8832 "," -91.1028,40.8107 "," -115.2493,47.1542 "," -87.6146,38.6115 "," -85.1797,38.6877 "," -95.0990,39.5612 "," -83.1377,36.7466 "," -91.0080,32.6093 "," -71.3493,41.8245 "," -75.2316,38.0275 "," -70.4169,45.7924 "," -84.3750,46.5093 "," -92.6367,44.6501 "," -91.3074,39.6861 "," -89.1870,30.2104 "," -112.7293,44.4896 "," -82.3933,35.2041 "," -96.8555,47.4132 "," -95.8543,40.6827 "," -71.2299,45.2507 "," -74.1962,40.6452 ",," -114.1150,36.0891 "," -79.0713,43.1220 "," -81.4444,39.4022 "," -99.1818,34.2129 "," -123.4863,46.2672 "," -75.0641,41.6021 "," -71.3397,41.8880 "," -81.4746,32.8242 "," -97.2057,42.8075 "," -82.0308,36.1212 "," -104.8521,30.3847 ",," -83.0127,36.8478 "," -71.5636,45.0138 "," -117.0394,46.5060 "," -87.1024,45.4438 "," -78.3517,39.6395 ",
" -159.6313,71.2249 "," -87.6009,30.9953 "," -91.1261,33.6946 "," -114.7014,32.7457 "," -114.6382,34.9659 ",," -72.5729,42.0350 "," -75.4610,39.3662 "," -84.8611,30.6993 "," -82.8918,34.4681 "," -159.2180,22.3386 "," -90.9668,40.9218 "," -115.0433,46.9728 "," -87.6544,38.4944 "," -85.4420,38.7198 "," -94.8807,39.7283 "," -82.8589,36.9762 "," -91.0904,32.4588 "," -71.3342,41.7816 "," -75.6079,37.9962 "," -70.2493,45.9368 "," -84.3386,46.5069 "," -92.7658,44.7877 "," -91.1096,39.5464 "," -89.4919,30.1570 "," -112.8296,44.4181 "," -82.7765,35.0637 "," -96.8555,47.5469 "," -95.8447,40.8138 "," -71.1818,45.2391 "," -74.2003,40.5952 ",," -114.1534,36.0313 "," -79.0302,43.1441 "," -81.3661,39.3460 "," -98.9648,34.1982 "," -123.4287,46.2369 "," -74.9927,41.5086 "," -71.3837,41.9288 "," -81.5117,32.9465 "," -96.8486,42.7157 "," -82.1255,36.1024 "," -104.7437,30.2591 ",," -82.8534,36.9839 "," -71.5059,45.0138 "," -117.0394,46.4274 "," -87.1724,45.3531 "," -78.2817,39.6205 ",
" -161.8671,70.6363 "," -87.5926,30.9423 "," -91.1412,33.7883 "," -114.6176,32.7342 "," -114.6286,34.9107 ",," -72.4026,42.0350 "," -75.5592,39.4542 "," -84.4272,30.6911 "," -82.8589,34.4443 "," -159.7508,22.3374 "," -91.0121,41.1642 "," -114.9472,46.8677 "," -87.7780,38.3740 "," -85.4091,38.5653 "," -94.8930,39.8286 "," -82.3192,37.2894 "," -91.0355,32.4379 "," -71.2628,41.7529 "," -75.6230,37.9951 "," -70.3098,45.9597 "," -84.2905,46.4927 "," -92.7081,45.3135 "," -90.9558,39.4022 "," -89.5757,30.1796 "," -112.8529,44.3563 "," -82.7861,35.0817 "," -96.8774,47.6506 "," -95.8324,40.9654 "," -71.1584,45.2478 "," -74.2195,40.5566 ",," -114.2468,36.0136 "," -79.0576,43.1801 "," -81.1244,39.4479 "," -98.7424,34.1232 "," -123.4287,46.1817 "," -74.7935,41.4283 "," -71.3795,42.0156 "," -81.5034,33.0098 "," -96.6220,42.5237 "," -82.1475,36.1434 "," -104.6915,30.0738 ",," -82.7971,37.0086 "," -71.5294,44.9748 "," -117.0621,46.3498 "," -87.3193,45.2401 "," -78.2405,39.6839 ",
" -163.5809,70.0843 "," -87.6256,30.8539 "," -91.0451,33.7700 "," -114.5819,32.7422 "," -114.6382,34.8758 ",," -71.7984,42.0248 "," -75.5578,39.4908 "," -83.5991,30.6509 "," -82.7490,34.2674 "," -160.1422,22.1493 "," -91.1082,41.2406 "," -114.7865,46.7201 "," -87.8371,38.2856 "," -85.5986,38.4461 "," -94.9342,39.8823 "," -82.0308,37.4934 "," -91.0286,32.3742 "," -71.1914,41.6719 "," -75.6436,37.9464 "," -70.2946,46.0923 "," -84.2651,46.4951 "," -92.6532,45.4505 "," -90.7306,39.2450 "," -89.6457,30.3326 "," -113.0205,44.4857 "," -83.1075,34.9996 "," -97.0601,47.9918 "," -95.8667,41.0794 "," -71.1337,45.2469 "," -74.2552,40.4877 ",," -114.3292,36.0624 "," -79.0604,43.2482 "," -81.0352,39.5549 "," -98.5570,34.1254 "," -123.3765,46.1513 "," -74.7070,41.3933 "," -71.7984,42.0064 "," -81.6010,33.0777 "," -96.4806,42.4772 "," -82.2450,36.1323 "," -104.6777,29.9169 ",," -82.7360,37.0442 "," -71.4949,44.9123 "," -117.0277,46.3384 "," -87.4100,45.1995 "," -78.1732,39.6935 ",
" -165.2399,69.3028 "," -87.4072,30.6745 "," -91.0341,33.8328 "," -114.5393,32.7584 "," -114.5970,34.8454 ",," -71.7874,41.6832 "," -75.5118,39.5713 "," -82.5595,30.5895 "," -82.6831,34.1254 "," -160.3922,21.8857 "," -91.0451,41.4067 "," -114.7549,46.6984 "," -87.9758,38.2414 "," -85.7510,38.2695 "," -95.0098,39.8971 "," -82.2121,37.6653 "," -90.9064,32.3150 "," -71.1351,41.6616 "," -75.7288,37.9529 "," -70.2589,46.0989 "," -84.2253,46.5343 "," -92.8482,45.6083 "," -90.6812,38.9893 "," -89.7748,30.5232 "," -113.0713,44.5905 "," -83.6183,34.9918 "," -97.1260,48.1267 "," -95.8722,41.2923 "," -71.1145,45.2846 "," -74.2264,40.4762 ",," -114.3237,36.1024 "," -79.0837,43.2812 "," -80.8374,39.6565 "," -98.4746,34.0618 "," -123.3051,46.1494 "," -74.8608,41.2282 "," -71.7874,41.6750 "," -81.7122,33.1238 "," -96.6289,42.7299 "," -82.3521,36.1168 "," -104.5679,29.7644 ",," -82.3494,37.2664 "," -71.5567,44.8296 "," -116.9879,46.2848 "," -87.4443,45.0784 "," -77.8835,39.5972 ",
" -166.8768,69.1782 "," -87.3688,30.4404 "," -91.0863,33.9399 "," -114.5095,32.8167 "," -114.5682,34.7890 ",," -71.7984,41.4165 "," -75.5557,39.6284 "," -82.2134,30.5682 "," -82.5952,34.0140 "," -160.3249,21.6025 "," -90.7086,41.4510 "," -114.5874,46.6325 "," -87.9291,38.1454 "," -85.8266,38.2824 "," -95.0922,39.8760 "," -82.4016,37.8618 "," -90.9723,32.2616 "," -71.1433,41.6124 "," -75.8084,37.9117 "," -70.2466,46.1342 "," -84.1951,46.5404 "," -92.7356,45.8307 "," -90.5878,38.8697 "," -89.8531,30.6663 "," -113.1152,44.7389 "," -84.3201,34.9918 "," -97.1109,48.2859 "," -95.9354,41.4458 "," -71.0843,45.3058 "," -73.9503,40.5253 ",," -114.3896,36.1434 "," -79.2004,43.4509 "," -80.7948,39.8676 "," -98.3743,34.1414 "," -123.1512,46.1874 "," -75.1355,40.9830 "," -71.7984,41.4530 "," -81.8289,33.2065 "," -96.5039,43.0046 "," -82.4167,36.0702 "," -104.5280,29.6475 ",," -82.3027,37.3046 "," -71.6281,44.7506 "," -116.9577,46.2388 "," -87.6379,45.0987 "," -77.7859,39.4987 ",
" -168.0414,68.3344 "," -87.5240,30.1463 "," -90.9256,34.0208 "," -114.4696,32.8450 "," -114.4968,34.7269 ",," -71.8341,41.3892 "," -75.3937,39.8106 "," -82.2134,30.5315 "," -82.3988,33.8647 "," -159.9939,21.7276 "," -90.4793,41.5178 "," -114.4638,46.6325 "," -88.0225,37.9788 "," -85.8376,38.2414 "," -95.2213,39.9445 "," -82.5073,37.9908 "," -91.0464,32.1942 "," -71.1310,41.5939 "," -75.9512,37.9095 "," -70.2905,46.1903 "," -84.1779,46.5272 "," -92.5159,45.9760 "," -90.4504,38.9722 "," -89.7377,30.9988 "," -113.2471,44.8091 "," -84.2885,35.2131 "," -97.1233,48.4301 "," -95.9999,41.5261 "," -71.0527,44.9230 "," -73.8885,40.4846 ",," -114.5105,36.1290 "," -78.6909,43.6311 "," -80.6520,40.5941 "," -98.1793,34.1118 "," -123.0222,46.1380 "," -75.0490,40.8554 "," -71.8492,41.3943 "," -81.9319,33.3443 "," -96.4380,43.1331 "," -82.5389,35.9669 "," -104.4044,29.5603 ",," -82.0136,37.5054 "," -71.6061,44.7077 "," -116.9659,46.2022 "," -87.6956,45.2217 "," -77.7310,39.3279 ",
" -165.9155,67.6844 "," -88.3864,30.1546 "," -90.9036,34.0856 "," -114.4817,32.9107 "," -114.4501,34.6648 ",," -71.8526,41.3273 "," -75.4692,39.8249 "," -82.1997,30.3883 "," -82.2505,33.7563 "," -159.4295,21.6932 "," -90.3419,41.5908 "," -114.3279,46.6466 "," -88.0458,37.8900 "," -85.9035,38.0967 "," -95.3036,40.0087 "," -82.6392,38.1778 "," -91.0739,32.1198 "," -71.1214,41.4973 "," -75.9430,37.9464 "," -70.2466,46.2710 "," -84.1347,46.5348 "," -92.3566,46.0151 "," -90.1813,38.8868 "," -91.6287,30.9988 "," -113.3459,44.7887 "," -84.2226,35.2680 "," -97.1425,48.5530 "," -96.0988,41.6380 "," -71.0143,44.3592 "," -73.9352,40.0045 ",," -114.5215,36.1467 "," -76.7958,43.6321 "," -80.5188,40.6223 "," -98.0818,34.0060 "," -122.9398,46.0980 "," -75.1904,40.6806 "," -71.8520,41.3315 "," -82.0280,33.4830 "," -96.5561,43.2262 "," -82.6076,35.9702 "," -104.2067,29.4719 ",," -81.9681,37.5380 "," -71.5677,44.6481 "," -116.9254,46.1722 "," -87.6462,45.3367 "," -77.8271,39.1279 ",
" -164.6082,67.2933 "," -88.4743,31.8939 "," -90.9586,34.1345 "," -114.4803,32.9741 "," -114.4597,34.6581 ",," -71.8938,41.3309 "," -75.6477,39.8296 "," -82.1544,30.3598 "," -82.2217,33.6695 "," -158.1784,21.1037 "," -90.2788,41.7457 "," -114.3430,46.5135 "," -88.0321,37.7881 "," -85.9200,38.0232 "," -102.0506,40.0024 "," -82.5952,38.3761 "," -91.0464,32.0593 "," -71.0266,41.3149 "," -76.0584,37.9529 "," -70.2040,46.3270 "," -84.1113,46.5041 "," -92.2934,46.0789 "," -90.1154,38.8269 "," -91.5601,31.0341 "," -113.4970,44.9386 "," -84.1113,35.2310 "," -97.0999,48.6765 "," -96.0686,41.7703 "," -70.9840,43.7364 "," -74.0410,39.6131 ",," -114.5654,36.1556 "," -76.4978,43.9987 "," -80.5229,42.3210 "," -97.9843,33.8966 "," -122.8848,46.0551 "," -75.2124,40.5639 "," -71.9041,41.3057 "," -82.1475,33.5860 "," -96.5259,43.3841 "," -82.6378,36.0602 "," -104.1559,29.3834 ",," -81.9259,37.5139 "," -71.5388,44.5817 "," -116.9357,46.1432 "," -87.6956,45.3869 "," -78.3421,39.4563 ",
" -164.0149,66.7789 "," -88.1021,34.8938 "," -90.9132,34.1675 "," -114.5256,33.0317 "," -114.4322,34.5869 ",," -71.9302,41.3103 "," -75.7906,39.7199 "," -82.0638,30.3598 "," -82.1558,33.5963 "," -157.4629,20.8152 "," -90.2074,41.8164 "," -114.3896,46.4530 "," -88.1529,37.6349 "," -86.0477,37.9594 ",," -82.7477,38.5030 "," -91.1014,31.9918 "," -70.8316,41.1590 "," -76.2396,37.8889 "," -70.0571,46.4151 "," -84.1457,46.4189 "," -92.2879,46.5957 "," -90.1978,38.7155 "," -91.6273,31.1106 "," -113.4229,45.0269 "," -84.0454,35.2815 "," -97.1356,48.7326 "," -96.1084,41.8368 "," -70.9731,43.5704 "," -74.2209,39.4744 ",," -114.6204,36.1334 "," -76.4388,44.0965 "," -81.2521,42.2153 "," -97.8662,33.8487 "," -122.8189,45.9588 "," -75.1025,40.5743 "," -71.7915,41.1849 "," -82.2437,33.6878 "," -96.6138,43.4848 "," -82.7751,35.9925 "," -103.9774,29.2948 ",," -81.9707,37.4889 "," -71.6006,44.5533 "," -116.9584,46.1009 "," -87.8549,45.3425 "," -78.3408,39.3407 ",
" -165.7507,66.5810 "," -88.1721,34.9479 "," -90.8501,34.1380 "," -114.6094,33.0259 "," -114.3787,34.5235 ",," -72.0195,41.2907 ",," -82.0226,30.4877 "," -82.0432,33.5036 "," -157.2171,20.6803 "," -90.1538,41.9023 "," -114.4144,46.3488 "," -88.0609,37.5097 "," -86.0944,38.0102 ",," -82.8369,38.5825 "," -91.1865,31.9498 "," -69.9225,41.1662 "," -76.3454,37.9474 "," -69.9994,46.6956 "," -84.1395,46.3720 "," -90.6564,47.3072 "," -90.3186,38.4149 "," -91.5916,31.1658 "," -113.7085,45.2749 "," -84.0248,35.4058 "," -97.1727,48.7951 "," -96.1372,41.9677 "," -70.9813,43.3621 "," -74.6713,38.9882 ",," -114.6863,36.1157 "," -76.3536,44.1349 "," -81.6806,41.9962 "," -97.6932,33.9798 "," -122.8162,45.9053 "," -75.0600,40.5013 "," -71.4084,41.2665 "," -82.2437,33.7609 "," -96.4558,43.4998 "," -82.8177,35.9169 "," -103.9128,29.2804 ",," -81.9800,37.4563 "," -71.5746,44.5308 "," -116.9762,46.0785 "," -87.7945,45.4813 "," -78.4341,39.1918 ",
" -167.5745,66.2867 "," -88.1461,34.9107 "," -90.9325,34.2311 "," -114.6588,33.0317 "," -114.3869,34.4601 ",," -72.0827,41.2618 ",," -82.0473,30.6308 "," -81.9484,33.3707 "," -156.8285,20.3408 "," -90.1744,42.0962 "," -114.4611,46.2682 "," -88.4152,37.4149 "," -86.2729,38.0578 ",," -82.9015,38.7316 "," -91.3101,31.8262 "," -69.7948,41.3201 "," -76.4154,37.9669 "," -69.2303,47.4550 "," -84.1058,46.3218 "," -89.9615,47.2885 "," -90.3790,38.2597 "," -91.6589,31.2304 "," -113.7964,45.4447 "," -83.9424,35.4719 "," -97.2290,48.9081 "," -96.2402,42.0330 "," -70.9030,43.2942 "," -74.8553,38.8664 ",," -114.7742,36.0979 "," -76.3124,44.1989 "," -81.7094,41.9962 "," -97.4529,33.8841 "," -122.7887,45.8824 "," -75.0655,40.4208 ",," -82.3576,33.8305 "," -96.4545,45.2981 "," -82.9042,35.8623 "," -103.8208,29.2481 ",," -81.9374,37.4389 "," -71.5883,44.4955 "," -116.9433,46.0537 "," -87.7945,45.5679 "," -78.4053,39.1652 ",
" -168.9862,66.0269 ",," -90.6935,34.3446 "," -114.7096,33.0904 "," -114.3361,34.4500 ",," -72.4322,41.1962 ",," -82.0514,30.6757 "," -81.8303,33.2077 "," -156.5456,20.2931 "," -90.2692,42.1441 "," -114.5105,46.1227 "," -88.5086,37.2828 "," -86.2811,38.0935 ",," -83.0196,38.7027 "," -91.3527,31.7947 "," -69.7398,41.8133 "," -76.4703,38.0146 "," -69.0381,47.4132 "," -84.1203,46.3147 "," -89.4919,48.0120 "," -89.9341,37.9572 "," -91.6452,31.2656 "," -113.8403,45.6140 "," -83.8559,35.5166 "," -97.2331,48.9982 "," -96.2746,42.1155 "," -70.8083,43.2272 "," -75.0476,38.8472 ",," -114.7357,36.0580 "," -76.2437,44.2049 "," -82.3961,41.6770 "," -97.4611,33.8282 "," -122.7969,45.8173 "," -74.9776,40.4072 ",," -82.5018,33.9308 "," -96.7429,45.4601 "," -83.0017,35.7755 "," -103.5640,29.1378 ",," -81.9319,37.3592 "," -71.6556,44.4504 "," -116.9165,45.9960 "," -87.7876,45.6764 "," -78.5715,39.0299 ",
" -168.9478,65.4970 ",," -90.5603,34.4409 "," -114.6849,33.2065 "," -114.3031,34.4375 ",," -73.0007,41.0866 ",," -82.0377,30.7111 "," -81.7795,33.1674 "," -156.1418,20.1643 "," -90.4298,42.2905 "," -114.4418,45.8585 "," -88.4221,37.1428 "," -86.2729,38.1346 ",," -83.1418,38.6190 "," -91.3925,31.6230 "," -70.0337,42.1939 "," -76.5170,38.0275 "," -69.0504,47.2578 "," -84.1148,46.2672 "," -89.7583,48.0193 "," -89.5331,37.6925 "," -91.5436,31.2609 "," -113.9722,45.6908 "," -83.6938,35.5512 "," -104.0501,48.9946 "," -96.3583,42.2021 "," -70.8261,43.1411 "," -75.1685,39.0565 ",," -114.7522,36.0447 "," -76.1655,44.2413 "," -82.6845,41.6709 "," -97.3622,33.8237 "," -122.7585,45.7637 "," -74.9432,40.3392 ",," -82.5471,33.9650 "," -96.8472,45.6160 "," -83.2393,35.7131 "," -103.4692,29.0682 ",," -81.8619,37.3134 "," -71.7146,44.4093 "," -118.0330,46.0008 "," -87.9936,45.7934 "," -78.5522,39.0160 ",
" -167.4756,65.0420 ",," -90.5548,34.5348 "," -114.7220,33.2846 "," -114.2674,34.4024 ",," -73.2493,41.0255 ",," -82.0514,30.7371 "," -81.7424,33.1456 "," -156.2393,19.9308 "," -90.5370,42.4093 "," -114.5654,45.7742 "," -88.4990,37.0585 "," -86.3704,38.1842 ",," -83.2819,38.5986 "," -91.5134,31.6218 "," -70.5144,42.2173 "," -76.5363,38.0751 "," -68.8843,47.1748 "," -84.0969,46.2563 "," -89.9931,48.0285 "," -89.4287,37.4007 "," -91.5271,31.3724 "," -114.1315,45.5631 "," -83.5181,35.5680 ",," -96.3281,42.2448 "," -70.7671,43.1000 "," -75.3250,39.2525 ",," -114.7412,35.9691 "," -76.1353,44.2973 "," -83.1157,41.9585 "," -97.2166,33.9001 "," -122.7750,45.6851 "," -74.8389,40.2628 ",," -82.6625,34.0947 "," -96.5849,45.8202 "," -83.4961,35.5635 "," -103.3154,29.0105 ",," -81.7987,37.2872 "," -71.7957,44.3975 "," -118.9867,45.9998 "," -88.1145,45.8077 "," -78.7843,38.8846 ",
" -167.0142,64.3922 ",," -90.5768,34.5959 "," -114.6973,33.3546 "," -114.1864,34.3559 ",," -73.6132,40.9509 ",," -82.0102,30.7678 "," -81.6078,33.0881 "," -156.1432,19.2826 "," -90.6400,42.5217 "," -114.5229,45.6745 "," -88.7256,37.1428 "," -86.5187,38.0416 ",," -83.5291,38.6941 "," -91.4310,31.5668 "," -70.6984,42.4133 "," -76.6063,38.1464 "," -68.6206,47.2643 "," -84.1093,46.2411 "," -90.0261,48.0827 "," -89.5386,37.2784 "," -91.5161,31.4099 "," -114.2358,45.5525 "," -83.3849,35.6327 ",," -96.4188,42.3890 "," -70.6970,43.0498 "," -75.5544,39.4500 ",," -114.7028,35.8980 "," -76.0474,44.3327 "," -83.4219,41.7314 "," -97.1645,33.7426 "," -122.7530,45.6505 "," -74.7221,40.1495 ",," -82.7216,34.1664 "," -96.5643,45.9311 "," -83.6938,35.5501 "," -103.1616,28.9601 ",," -81.7259,37.2424 "," -71.8163,44.3563 "," -119.1302,45.9320 "," -88.0733,45.8728 "," -78.8722,38.7669 ",
" -165.7343,64.0554 ",," -90.5301,34.7213 "," -114.7258,33.4051 "," -114.1383,34.3049 ",," -73.6606,40.9830 ",," -82.0322,30.7914 "," -81.5034,33.0075 "," -156.1212,18.9881 "," -90.7127,42.6360 "," -114.5654,45.5621 "," -88.9453,37.2128 "," -86.5874,37.9193 ",," -83.6595,38.6351 "," -91.5161,31.5130 "," -70.3647,42.6420 "," -76.6928,38.1616 "," -68.3350,47.3546 "," -84.0859,46.2098 "," -90.1758,48.1074 "," -89.4452,37.1734 "," -91.5120,31.5071 "," -114.3347,45.4592 "," -83.2475,35.7142 ",," -96.4037,42.4731 "," -70.5583,42.9222 "," -75.5612,39.4966 ",," -114.6588,35.8757 "," -75.9856,44.3553 "," -84.8021,41.6944 "," -97.0930,33.7392 "," -122.5937,45.6064 "," -75.0929,39.9592 ",," -82.7930,34.3434 "," -104.0501,45.9416 "," -83.8284,35.5233 "," -103.0957,29.0177 ",," -81.6792,37.2008 "," -71.8698,44.3327 "," -119.1708,45.9278 "," -88.1982,45.9521 "," -78.9917,38.8451 ",
" -163.2294,64.0193 ",," -90.5328,34.7574 "," -114.6533,33.4120 "," -114.1315,34.2561 ",," -73.6723,41.0338 ",," -81.9717,30.7997 "," -81.5089,32.9418 "," -155.7120,18.7100 "," -90.7883,42.6956 "," -114.4666,45.5439 "," -89.0689,37.1559 "," -86.6409,37.8402 ",," -83.8930,38.7487 "," -91.5244,31.3701 "," -70.4759,42.8286 "," -76.7601,38.1670 "," -68.1564,47.3165 "," -84.0777,46.1879 "," -90.3502,48.0955 "," -89.3793,37.0859 "," -91.4502,31.5692 "," -114.4652,45.5439 "," -82.9962,35.7799 ",," -96.6357,42.5369 "," -70.6146,42.8760 "," -75.5283,39.4998 ",," -114.7083,35.8579 "," -75.9196,44.3749 "," -84.8172,39.1056 "," -96.9173,33.9354 "," -122.4426,45.5679 "," -75.2577,39.8370 ",," -82.8905,34.4647 ",," -83.8847,35.5065 "," -103.0298,29.1330 ",," -81.5549,37.2083 "," -71.9138,44.3484 "," -119.2559,45.9402 "," -88.5498,46.0122 "," -79.0974,38.7102 ",
" -162.1143,63.9615 ",," -90.4546,34.8780 "," -114.5888,33.5016 "," -114.1651,34.2595 ",," -73.7272,41.1011 ",," -81.9608,30.8244 "," -81.4142,32.6914 "," -155.3673,18.8829 "," -91.0533,42.7712 "," -114.3375,45.4601 "," -89.1650,37.0376 "," -86.6478,37.9085 ",," -84.0440,38.7701 "," -91.5477,31.2598 "," -70.6133,42.8760 "," -76.8494,38.1637 "," -67.8804,47.1038 "," -84.0097,46.1508 "," -90.4834,48.1074 "," -89.2859,36.9938 "," -91.5147,31.6230 "," -114.5668,45.5583 "," -82.9276,35.8445 ",," -96.7099,42.6057 "," -70.8467,42.8599 "," -75.5338,39.5411 ",," -114.6973,35.8267 "," -75.8730,44.3994 "," -84.7444,39.1407 "," -96.8527,33.8704 "," -122.3712,45.5756 "," -75.4321,39.8128 ",," -82.9893,34.4760 ",," -84.0248,35.4014 "," -102.8677,29.2157 ",," -81.4988,37.2588 "," -71.9865,44.3386 "," -119.3047,45.9354 "," -88.7036,45.9970 "," -79.1029,38.6555 ",
" -163.6029,63.6877 ",," -90.3529,34.8454 "," -114.5599,33.5317 "," -114.2249,34.2044 ",," -73.4834,41.2153 ",," -81.8893,30.8056 "," -81.4087,32.5815 "," -154.8839,19.2048 "," -91.0904,42.8448 "," -114.2441,45.5468 "," -89.2873,36.9894 "," -86.6876,37.9085 ",," -84.2184,38.8119 "," -91.6425,31.2692 "," -70.8440,42.8619 "," -76.9482,38.2080 "," -67.7898,47.0664 "," -84.0070,46.1180 "," -90.5644,48.1175 "," -89.1829,37.0311 "," -91.3966,31.6253 "," -114.5215,45.6755 "," -82.8191,35.9224 ",," -96.6893,42.6532 "," -70.9195,42.8860 "," -75.5090,39.5761 ",," -114.7192,35.8089 "," -75.8221,44.4308 "," -84.5068,39.0960 "," -96.7484,33.8271 "," -122.3245,45.5506 "," -75.6477,39.8317 ",," -83.0855,34.5281 ",," -84.0276,35.2905 "," -102.8979,29.2565 ",," -81.4856,37.2456 "," -72.0346,44.3052 "," -119.3644,45.9220 "," -88.8451,46.0380 "," -79.3007,38.4106 ",
" -165.3717,63.4530 ",," -90.2911,34.8690 "," -114.5187,33.6306 "," -114.2221,34.1914 ",," -73.5507,41.2953 ",," -81.8372,30.7914 "," -81.2769,32.5283 "," -154.6271,19.5158 "," -91.1398,42.9082 "," -114.1342,45.5631 "," -89.4356,37.1505 "," -86.8236,37.9821 ",," -84.3228,38.9872 "," -91.6603,31.2328 "," -70.9154,42.8890 "," -76.9908,38.2748 "," -67.7802,45.9359 "," -83.9761,46.1018 "," -90.7471,48.0928 "," -89.1403,36.9839 "," -91.3513,31.7936 "," -114.5641,45.7733 "," -82.7710,35.9958 ",," -96.7621,42.6602 "," -71.0609,42.8105 "," -75.5708,39.6237 ",," -114.6973,35.6618 "," -75.8098,44.4740 "," -84.4052,39.0459 "," -96.5602,33.8202 "," -122.2064,45.5641 "," -75.7892,39.7199 ",," -83.3121,34.6581 ",," -84.1113,35.2322 "," -102.8375,29.3570 ",," -81.4367,37.2742 "," -72.0428,44.2432 "," -119.4386,45.9172 "," -89.0909,46.1389 "," -79.4792,38.4600 ",
" -166.3715,62.4133 ",," -90.3104,35.0255 "," -114.5297,33.6786 "," -114.2908,34.1720 ",," -73.5329,41.4906 ",," -81.7960,30.7796 "," -81.1945,32.4576 ",," -91.1549,43.0609 "," -113.9708,45.6889 "," -89.5345,37.2762 "," -86.9019,37.9464 ",," -84.4917,39.1013 "," -91.5848,31.1917 "," -71.0651,42.8075 "," -77.0306,38.3093 "," -67.7527,45.9177 "," -83.9555,46.0570 "," -90.7759,48.1588 "," -89.1005,36.9466 "," -91.2744,31.8589 "," -114.4391,45.8613 "," -82.6419,36.0613 ",," -96.8390,42.7147 "," -71.1420,42.8125 "," -75.5104,39.6713 ",," -114.6478,35.6037 "," -75.7288,44.5425 "," -84.2857,38.9434 "," -96.5053,33.7769 "," -122.0856,45.5987 "," -80.5243,39.7220 ",," -83.3588,34.7326 ",," -84.2294,35.2624 "," -102.8004,29.4898 ",," -81.3675,37.3243 "," -72.0662,44.1930 "," -119.4894,45.9067 "," -90.1195,46.3412 "," -79.5314,38.5342 ",
" -166.9867,61.6534 ",," -90.2843,35.1154 "," -114.4940,33.7083 "," -114.3237,34.1368 ",," -73.4875,42.0493 ",," -81.6696,30.7536 "," -81.1642,32.3185 ",," -91.1522,43.1391 "," -113.8403,45.6102 "," -89.4315,37.3996 "," -87.0392,37.9009 ",," -84.6277,39.1183 "," -91.6287,31.1047 "," -71.1337,42.8226 "," -77.0114,38.3761 "," -67.8090,45.7599 "," -83.9040,46.0604 "," -90.8405,48.2402 "," -89.1788,36.7884 "," -91.1673,31.9755 "," -114.4817,45.9989 "," -82.6103,35.9702 ",," -96.9763,42.7571 "," -71.1873,42.7904 "," -75.4843,39.7167 ",," -114.6863,35.5814 "," -75.5585,44.6647 "," -84.2432,38.8055 "," -96.3474,33.6912 "," -121.8933,45.6659 "," -80.5202,42.3240 ",," -83.2983,34.8318 ",," -84.2926,35.2198 "," -102.7002,29.6881 ",," -81.2741,37.2653 "," -72.0360,44.1349 "," -119.5724,45.9249 "," -90.4147,46.5664 "," -79.6481,38.5868 ",
" -166.4429,60.8556 ",," -90.1772,35.1323 "," -114.5036,33.7609 "," -114.3622,34.1186 ",,,," -81.6051,30.7289 "," -81.1436,32.2151 ",," -91.0547,43.2882 "," -113.7978,45.4409 "," -89.5358,37.6936 "," -87.1394,37.7924 ",," -84.7554,39.1439 "," -91.5614,31.0318 "," -71.1859,42.7873 "," -77.0430,38.4009 "," -67.6524,45.6208 "," -83.8264,46.1185 "," -90.9792,48.2174 "," -89.2035,36.6288 "," -91.0767,32.0267 "," -114.5132,46.1237 "," -82.5677,35.9547 ",," -97.2029,42.8085 "," -71.1832,42.7349 "," -75.4156,39.8033 ",," -114.6533,35.5233 "," -75.4088,44.7672 "," -84.0866,38.7712 "," -96.0205,33.8522 "," -121.8906,45.6812 ",,," -83.1459,34.9276 ",," -84.3201,34.9884 "," -102.5134,29.7691 ",," -81.1560,37.2719 "," -72.0580,44.0698 "," -119.6013,45.9196 "," -89.9615,47.2876 "," -79.6962,38.4869 ",
" -167.8381,60.5357 ",," -90.1112,35.1985 "," -114.5284,33.8157 "," -114.4089,34.1118 ",,,," -81.5666,30.7324 "," -81.1134,32.1128 ",," -91.2057,43.3322 "," -113.7085,45.2720 "," -89.9670,37.9767 "," -87.4429,37.9464 ",," -84.8914,39.0523 "," -91.6397,30.9988 "," -71.1832,42.7369 "," -77.0897,38.3697 "," -67.4533,45.5987 "," -83.7598,46.1028 "," -91.3252,48.0726 "," -89.2516,36.5449 "," -91.0767,32.1198 "," -114.4652,46.2577 "," -82.4730,36.0236 ",," -97.2290,42.8458 "," -71.2463,42.7450 "," -75.2632,39.8360 ",," -114.6863,35.5054 "," -75.3442,44.8101 "," -83.8916,38.7519 "," -95.8379,33.8396 "," -121.8164,45.7081 ",,," -83.1047,34.9996 ",," -90.3131,34.9996 "," -102.3843,29.7596 ",," -80.9802,37.3025 "," -72.1101,44.0017 "," -119.6700,45.8565 "," -90.6578,47.3100 "," -79.6989,38.4213 ",
" -167.7118,59.5482 ",," -90.1524,35.2826 "," -114.5325,33.8545 "," -114.4363,34.0856 ",,,," -81.5295,30.7229 "," -80.9225,32.0477 ",," -91.2236,43.4140 "," -113.4256,45.0260 "," -90.3790,38.2587 "," -87.5885,37.9756 ",," -84.8735,38.9263 "," -89.7336,31.0012 "," -71.2189,42.7470 "," -77.1432,38.3697 "," -67.4176,45.5044 "," -83.6547,46.1218 "," -91.5738,48.0505 "," -89.3532,36.6188 "," -91.0437,32.1942 "," -114.4171,46.3441 "," -82.4194,36.0669 ",," -97.3979,42.8629 "," -71.2972,42.6986 "," -75.1918,39.8823 ",," -114.6149,35.4070 "," -75.3058,44.8383 "," -83.6636,38.6330 "," -95.7349,33.8887 "," -121.7560,45.6966 ",,," -82.7779,35.0817 ",," -90.2843,35.1233 "," -102.3047,29.8788 ",," -80.8566,37.3396 "," -72.0937,43.9671 "," -119.8052,45.8479 "," -92.0352,46.7079 "," -79.7690,38.3557 ",
" -165.8002,59.4115 ",," -90.1332,35.4383 "," -114.5380,33.9285 "," -114.4336,34.0276 ",,,," -81.4856,30.7253 "," -80.6960,32.0500 ",," -91.2305,43.5008 "," -113.4998,44.9405 "," -90.2376,38.6169 "," -87.6283,37.9225 ",," -84.8131,38.7894 "," -89.8517,30.6686 "," -71.2560,42.7400 "," -77.2627,38.3320 "," -67.5014,45.4823 "," -83.5723,46.1056 "," -91.7070,48.1166 "," -89.4397,36.5538 "," -91.0107,32.2221 "," -114.3896,46.4530 "," -82.3535,36.1168 ",," -97.5133,42.8427 "," -71.7421,42.7077 "," -74.7922,40.1180 ",," -114.5929,35.3218 "," -75.2399,44.8676 "," -83.5263,38.6962 "," -95.5426,33.8841 "," -121.5335,45.7254 ",,," -82.3920,35.2075 ",," -90.1758,35.1379 "," -102.1509,29.7834 ",," -80.8786,37.3876 "," -72.1252,43.9088 "," -119.9096,45.8278 "," -92.2948,46.5928 "," -79.7937,38.2813 ",
" -164.5972,59.3696 ",," -90.0206,35.5579 "," -114.5235,33.9530 "," -114.4652,34.0117 ",,,," -81.4609,30.7111 "," -80.7289,31.8881 ",," -96.5973,43.4998 "," -113.3459,44.7887 "," -90.1744,38.7573 "," -87.6915,37.8694 ",," -84.9957,38.7691 "," -89.7858,30.5386 "," -71.2985,42.6986 "," -77.3135,38.4525 "," -67.4231,45.3714 "," -83.4343,45.9993 "," -91.7166,48.1963 "," -89.5358,36.4942 "," -90.9132,32.3150 "," -114.3484,46.5069 "," -82.2862,36.1345 ",," -97.6149,42.8488 "," -72.4590,42.7268 "," -74.7331,40.1390 ",," -114.5737,35.1783 "," -75.1204,44.9211 "," -83.2736,38.5976 "," -95.2831,33.8738 "," -121.3907,45.6928 ",,," -82.2203,35.1974 ",," -90.1112,35.1985 "," -101.7004,29.7572 ",," -80.8511,37.4247 "," -72.1733,43.8682 "," -119.9652,45.8245 "," -92.2975,46.0761 "," -79.9365,38.1518 ",
" -162.8558,59.1168 ",," -89.9780,35.6740 "," -114.4748,34.0049 "," -114.5119,33.9582 ",,,," -81.4169,30.7088 "," -80.9665,31.4697 ",," -96.6110,43.4818 "," -113.2471,44.8062 "," -90.1167,38.8247 "," -87.8879,37.9236 ",," -85.1921,38.6866 "," -89.6347,30.3148 "," -71.9151,42.7127 "," -77.2737,38.5514 "," -67.4863,45.2768 "," -83.5977,45.8211 "," -91.9844,48.2494 "," -89.5331,36.3594 "," -91.0313,32.3742 "," -114.3279,46.6504 "," -82.1461,36.1467 ",," -97.8456,42.8659 "," -72.5098,42.7621 "," -74.8485,40.2565 ",," -114.6094,35.1199 "," -74.9995,44.9609 "," -83.1445,38.6169 "," -95.2171,33.9570 "," -121.3646,45.7081 ",,," -81.0379,35.1480 ",," -90.1524,35.2849 "," -101.4917,29.7644 ",," -80.7715,37.3702 "," -72.1994,43.7899 "," -120.0710,45.7852 "," -92.3579,46.0132 "," -79.9818,38.0232 ",
" -162.5427,58.1185 ",," -89.9547,35.7287 "," -114.4308,34.0299 "," -114.5366,33.9308 ",,,," -81.2274,30.7064 "," -81.1011,30.9988 ",," -96.5245,43.3871 "," -113.1180,44.7350 "," -90.1799,38.8846 "," -87.9620,37.7718 ",," -85.4407,38.7209 "," -89.5688,30.1807 "," -72.5441,42.7309 "," -77.2490,38.5954 "," -67.3434,45.1297 "," -82.5197,45.3396 "," -92.0078,48.3188 "," -89.5345,36.2509 "," -91.0217,32.4263 "," -114.4652,46.6334 "," -82.1228,36.1035 ",," -97.9980,42.7470 "," -72.5414,42.8105 "," -74.9419,40.3361 ",," -114.6368,35.1109 "," -74.9899,44.9803 "," -83.0127,38.7027 "," -95.0496,33.8670 "," -121.2039,45.6582 ",,," -81.0324,35.0446 ",," -90.1346,35.4372 "," -101.2939,29.6308 ",," -80.5518,37.4749 "," -72.1994,43.7899 "," -120.1705,45.7623 "," -92.5227,45.9769 "," -80.1370,37.8835 ",
" -160.6421,58.1359 ",," -89.6594,35.9169 "," -114.4363,34.0891 "," -114.5091,33.9058 ",,,," -81.2357,30.4345 "," -81.2288,30.7041 ",," -96.5533,43.2232 "," -113.0246,44.4887 "," -90.4504,38.9680 "," -88.0321,37.7870 ",," -85.4077,38.5653 "," -89.4960,30.1582 "," -73.2541,42.7450 "," -77.1281,38.6373 "," -67.2487,45.1830 "," -82.1221,43.5918 "," -92.0531,48.3544 "," -89.6100,36.0891 "," -91.0986,32.4634 "," -114.5929,46.6362 "," -82.0267,36.1268 ",," -98.1450,42.8337 "," -72.5592,42.8609 "," -74.9721,40.4020 ",," -114.6368,35.0929 "," -74.9103,44.9852 "," -82.8973,38.7327 "," -94.8862,33.7677 "," -121.1957,45.6083 ",,," -80.9322,35.1019 ",," -90.0192,35.5568 "," -101.2582,29.5269 ",," -80.5133,37.4792 "," -72.2392,43.7384 "," -120.2110,45.7258 "," -92.7466,45.8135 "," -80.2592,37.7295 ",
" -159.5050,58.0285 ",," -89.6883,35.9658 "," -114.3526,34.1357 "," -114.5256,33.8613 ",,,," -81.1725,30.3160 "," -81.6023,30.7241 ",," -96.4421,43.1301 "," -112.8502,44.3592 "," -90.5905,38.8654 "," -88.0376,37.8092 ",," -85.5972,38.4461 "," -89.1843,30.2140 "," -73.2664,42.7460 "," -77.1378,38.6737 "," -67.1223,45.1230 "," -82.4119,43.0112 "," -92.1561,48.3599 "," -89.7116,36.0002 "," -91.0080,32.6070 "," -114.7659,46.7003 "," -81.9360,36.2797 ",," -98.4485,42.9293 "," -72.5317,42.8981 "," -75.0627,40.4240 ",," -114.6039,35.0750 "," -74.8856,45.0017 "," -82.8355,38.5782 "," -94.6692,33.6695 "," -121.1462,45.6102 ",,," -80.7811,34.9344 ",," -89.9547,35.7343 "," -101.0056,29.3642 ",," -80.4803,37.4247 "," -72.3010,43.7056 "," -120.3628,45.7057 "," -92.8564,45.6140 "," -80.2881,37.6795 ",
" -158.8953,57.6336 ",," -89.7130,36.0013 "," -114.2908,34.1720 "," -114.5215,33.8248 ",,,," -81.0379,29.7763 "," -81.7657,30.7713 ",," -96.5479,42.9243 "," -112.8310,44.4151 "," -90.7086,39.0405 "," -88.0643,37.8011 ",," -85.7455,38.2748 "," -89.0373,30.1463 "," -73.3406,42.5460 "," -77.0760,38.7112 "," -66.9672,44.8315 "," -82.4249,42.9956 "," -92.2975,48.3307 "," -90.3735,35.9958 "," -91.1096,32.5746 "," -114.9307,46.8423 "," -81.7987,36.3527 ",," -98.5020,42.9966 "," -72.5400,42.9524 "," -75.0613,40.4898 ",," -114.6259,35.0480 "," -74.8306,45.0153 "," -82.5952,38.3761 "," -94.4852,33.6386 "," -121.0803,45.6524 ",,," -80.7948,34.8194 ",," -89.7638,35.8579 "," -100.9204,29.3056 ",," -80.3018,37.5097 "," -72.3271,43.6391 "," -120.4829,45.6951 "," -92.7754,45.5477 "," -80.2194,37.6295 ",
" -159.9060,56.9090 ",," -90.3735,35.9958 "," -114.2255,34.2044 "," -114.5050,33.7597 ",,,," -80.5861,28.8603 "," -81.9498,30.8221 ",," -96.6357,42.7188 "," -112.7266,44.4887 "," -90.7306,39.2301 "," -88.0925,37.8206 ",," -85.8087,38.2716 "," -88.8354,30.0905 "," -73.4436,42.2671 "," -77.0361,38.7187 "," -66.8628,44.7409 "," -82.4236,42.9579 "," -92.2742,48.2475 "," -90.2747,36.1223 "," -91.1536,32.6394 "," -115.1147,47.0402 "," -81.7081,36.3361 ",," -104.0543,43.0006 "," -72.4919,42.9745 "," -75.1067,40.5733 ",," -114.6478,35.0345 "," -74.7633,45.0046 ",," -94.4357,35.3499 "," -121.0144,45.6582 ",,," -79.6756,34.8048 ",," -89.6635,35.9180 "," -100.7707,29.1642 ",," -80.2798,37.5359 "," -72.3436,43.5893 "," -120.5942,45.7469 "," -92.6587,45.4293 "," -80.3224,37.5391 ",
" -160.6531,56.3926 ",," -90.2664,36.1268 "," -114.1685,34.2595 "," -114.4940,33.7083 ",,,," -80.3650,28.4771 "," -82.0239,30.7560 ",," -96.5561,42.6158 "," -112.3901,44.4504 "," -90.8350,39.3173 "," -88.0451,37.8223 ",," -85.8650,38.2069 "," -88.7421,29.8383 "," -73.4917,42.1349 "," -77.0416,38.7766 "," -67.3105,44.4945 "," -82.4648,42.9021 "," -92.3717,48.2228 "," -90.0934,36.2886 "," -91.1426,32.7226 "," -115.2933,47.1888 "," -81.6724,36.5880 ",,," -72.4658,42.9906 "," -75.2138,40.5639 ",," -114.6423,35.0030 "," -74.7070,45.0027 ",," -94.5978,36.3715 "," -120.9814,45.6467 ",,," -78.9560,34.2016 ",," -89.7130,35.9947 "," -100.7007,29.0946 ",," -80.3293,37.5380 "," -72.3793,43.5814 "," -120.6340,45.7460 "," -92.7136,45.3029 "," -80.2881,37.5315 ",
" -161.8835,56.2342 ",," -90.0934,36.2875 "," -114.1301,34.2572 "," -114.5284,33.6832 ",,,," -80.3815,28.1882 "," -82.0459,30.6379 ",," -96.4847,42.5055 "," -112.3270,44.5347 "," -90.9338,39.3853 "," -88.0575,37.8483 ",," -85.9323,38.0286 "," -88.8712,29.5758 "," -73.5081,42.0880 "," -77.0320,38.8451 "," -67.9051,44.3268 "," -82.4689,42.8543 "," -92.4609,48.3854 "," -90.0769,36.3903 "," -91.1426,32.7873 "," -115.3290,47.2569 "," -80.7234,36.5659 ",,," -72.4480,43.0127 "," -75.2028,40.6192 ",," -114.8016,35.1334 "," -74.5642,45.0007 ",," -94.6198,36.4942 "," -120.9430,45.6563 ",,," -78.4836,33.7951 ",," -89.6759,36.0902 "," -100.6306,28.9012 ",," -80.2249,37.6316 "," -72.3972,43.5027 "," -120.6924,45.7143 "," -92.7466,44.9648 "," -80.3032,37.4988 ",
" -162.9822,55.7240 ",," -90.0742,36.3892 "," -114.1397,34.3037 "," -114.5242,33.6363 ",,,," -79.9255,27.1789 "," -82.0239,30.4866 ",," -96.3995,42.4599 "," -112.1127,44.5220 "," -91.1398,39.5559 "," -88.0980,37.9041 ",," -86.0422,37.9550 "," -88.9371,29.1833 "," -73.4985,42.0483 "," -77.0708,38.9025 "," -68.6673,43.8702 "," -82.4826,42.8100 "," -92.5104,48.4474 "," -90.1538,36.4213 "," -91.1536,32.8519 "," -115.5267,47.3025 "," -80.2977,36.5438 ",,," -72.4713,43.0287 "," -75.2069,40.6494 ",," -117.5153,37.2303 "," -74.1467,44.9920 ",," -94.6211,36.9982 "," -120.9100,45.6371 ",,," -78.7871,33.6489 ",," -89.5894,36.1279 "," -100.4974,28.6593 ",," -80.3018,37.6903 "," -72.3807,43.4988 "," -120.8558,45.6721 "," -92.7686,44.7877 "," -80.4776,37.4182 ",
" -164.3994,55.2478 ",," -90.1511,36.4180 "," -114.2276,34.3664 "," -114.5393,33.5895 ",,,," -79.8198,26.8425 "," -82.0363,30.4309 ",," -96.4050,42.3667 "," -111.8848,44.5582 "," -91.3554,39.7262 "," -88.0705,37.9307 ",," -86.1108,38.0135 "," -89.0359,28.9649 "," -73.1841,42.0452 "," -77.1395,38.9570 "," -68.8431,43.7274 "," -82.4723,42.7863 "," -92.7122,48.4611 "," -90.1538,36.5008 "," -91.1206,32.8796 "," -115.7547,47.4253 "," -79.6729,36.5449 ",,," -72.4713,43.0508 "," -75.0806,40.8284 ",," -120.0009,39.0000 "," -73.7306,45.0037 ",," -103.0064,37.0004 "," -120.8524,45.6755 ",,," -79.0837,33.2019 ",," -89.6484,36.1856 "," -100.3601,28.4675 ",," -80.2551,37.7251 "," -72.3999,43.4150 "," -120.9142,45.6409 "," -92.6422,44.6530 "," -80.5119,37.4814 ",
" -165.3168,54.7753 ",," -90.1566,36.4997 "," -114.2633,34.4012 "," -114.5242,33.5528 ",,,," -79.9118,26.1394 "," -82.0610,30.3575 ",," -96.3446,42.2722 "," -111.8271,44.5132 "," -91.4406,39.8570 "," -88.0369,37.9561 ",," -86.2756,38.0643 "," -89.2282,28.8832 "," -72.8146,42.0371 "," -77.2335,38.9773 "," -69.7137,43.6639 "," -82.4847,42.7339 "," -92.6340,48.4984 "," -94.6184,36.4975 "," -91.2195,32.9257 "," -115.7533,47.5487 "," -77.2559,36.5449 ",,," -72.4356,43.0819 "," -75.0998,40.8429 ",," -119.9982,41.9942 "," -73.4203,45.0085 ",,," -120.6052,45.7445 ",,," -79.4476,32.7607 ",," -89.7006,36.2343 "," -100.2969,28.2778 ",," -80.2551,37.7707 "," -72.4123,43.3601 "," -120.9471,45.6572 "," -92.3552,44.5504 "," -80.7715,37.3691 ",
" -167.1075,54.1463 ",," -94.6198,36.4986 "," -114.3388,34.4534 "," -114.5586,33.5311 ",,,," -79.9997,25.5115 "," -82.1585,30.3598 ",," -96.3625,42.2051 "," -111.4645,44.5396 "," -91.4941,39.9940 "," -88.0122,37.9669 ",," -86.2770,38.1389 "," -89.4754,28.9048 "," -72.8160,41.9962 "," -77.2462,39.0240 "," -70.0818,43.5625 "," -82.5032,42.6855 "," -92.6395,48.5403 "," -94.6143,38.9722 "," -91.2085,32.9995 "," -115.6956,47.5793 "," -75.7562,36.5505 ",,," -72.4452,43.1040 "," -75.0504,40.8689 ",,," -73.3430,45.0109 ",,," -120.5310,45.7158 ",,," -79.8116,32.5225 ",," -89.5331,36.2531 "," -100.1733,28.1882 ",," -80.1961,37.8347 "," -72.3903,43.3591 "," -120.9787,45.6419 "," -92.2632,44.4652 "," -80.8635,37.4214 ",
" -168.5852,53.5632 ",," -94.4412,35.3801 "," -114.3608,34.4930 "," -114.5778,33.5070 ",,,," -80.3815,24.8802 "," -82.2025,30.3859 ",," -96.2416,41.9983 "," -111.5057,44.6198 "," -91.5120,40.1694 "," -88.0259,38.0102 ",," -86.3690,38.1864 "," -89.7418,29.1210 "," -72.7803,42.0024 "," -77.3431,39.0634 "," -70.5569,42.9182 "," -82.5108,42.6380 "," -93.2066,48.6393 "," -94.6143,39.1982 "," -91.2016,33.0444 "," -116.0458,47.9771 "," -75.7068,36.3129 ",,," -72.4342,43.1180 "," -75.1369,40.9913 ",,," -73.3547,44.9874 ",,," -120.4733,45.6966 ",,," -80.1508,32.3556 ",," -89.6210,36.2996 "," -100.0195,28.0526 ",," -80.1508,37.8749 "," -72.4081,43.3282 "," -121.0645,45.6529 "," -92.0654,44.4024 "," -80.8525,37.3429 ",
" -169.9146,53.1402 ",," -94.4893,33.6318 "," -114.3811,34.5292 "," -114.6245,33.4418 ",,,," -80.8704,24.5384 "," -82.2148,30.4842 ",," -96.1372,41.9513 "," -111.3684,44.7292 "," -91.4667,40.3497 "," -88.0417,38.0384 ",," -86.5283,38.0308 "," -90.1126,28.9529 ",," -77.4351,39.0717 "," -70.7108,43.0649 "," -82.5307,42.6036 "," -93.4648,48.5884 "," -94.7241,39.1684 "," -91.2016,33.1192 "," -116.0458,48.9991 "," -75.4129,35.7131 ",,," -72.4590,43.1501 "," -74.8677,41.2293 ",,," -73.3379,44.9648 ",,," -120.2893,45.7234 ",,," -80.4240,32.2012 ",," -89.5784,36.3494 "," -99.9344,27.9435 ",," -79.9722,38.0394 "," -72.3999,43.2762 "," -121.1469,45.6078 "," -91.8745,44.2580 "," -81.0516,37.2872 ",
" -169.5959,52.5964 ",," -94.4522,33.6421 "," -114.4377,34.5959 "," -114.6506,33.4142 ",,,," -81.9250,24.3959 "," -82.2162,30.5682 ",," -96.0741,41.7662 "," -111.0539,44.4759 "," -91.3939,40.4166 "," -88.0005,38.0530 ",," -86.5874,37.9204 "," -90.6619,28.9120 ",," -77.4636,39.0792 "," -70.8302,43.1391 "," -82.5774,42.5672 "," -93.4621,48.5439 "," -94.8834,39.2790 "," -91.1041,33.1835 "," -104.0501,48.9991 "," -75.4720,35.2041 ",,," -72.4329,43.2052 "," -74.7537,41.3479 ",,," -73.3396,44.9160 ",,," -120.2124,45.7234 ",,," -80.7001,32.0500 ",," -89.5180,36.3406 "," -99.8438,27.7638 ",," -79.9448,38.1302 "," -72.4370,43.2342 "," -121.1847,45.6083 "," -91.6383,44.0600 "," -81.2741,37.2598 ",
" -168.2227,52.9089 ",," -94.4000,33.5597 "," -114.4569,34.6547 "," -114.7055,33.4039 ",,,," -82.2066,24.4496 "," -82.9688,30.6131 ",," -96.0988,41.6267 "," -111.0471,43.8623 "," -91.4021,40.5566 "," -87.9607,38.0762 ",," -86.6423,37.8423 "," -91.0355,28.9553 ",," -77.5202,39.1218 "," -70.8179,43.2292 "," -82.5993,42.5490 "," -93.8013,48.5166 "," -95.1086,39.5612 "," -91.1536,33.3397 "," -104.0186,45.0269 "," -76.0748,34.9794 ",,," -72.4384,43.2562 "," -74.7249,41.3469 ",,," -73.3739,44.8354 ",,," -120.1575,45.7714 ",,,,," -89.5345,36.4964 "," -99.7119,27.6641 ",," -79.9063,38.1972 "," -72.4493,43.1852 "," -121.2177,45.6721 "," -91.4941,43.9612 "," -81.3675,37.3254 ",
" -162.7734,54.2139 ",," -94.2462,33.5883 "," -114.5297,34.7506 "," -114.6973,33.3546 ",,,," -82.3137,24.5484 "," -84.8639,30.7041 ",," -95.9477,41.4561 "," -111.0471,42.0013 "," -91.2524,40.6265 "," -88.0163,38.1000 ",," -86.6547,37.9041 "," -91.3211,29.1210 ",," -77.5092,39.1804 "," -70.9799,43.3631 "," -82.6501,42.5521 "," -93.8356,48.6284 "," -94.8834,39.7283 "," -91.1646,33.4223 "," -104.0186,45.0153 "," -76.4951,34.5258 ",,," -72.4095,43.2812 "," -74.6960,41.3593 ",,," -73.3324,44.8013 ",,," -119.9680,45.8211 ",,,,," -89.3051,36.5107 "," -99.4812,27.4839 ",," -79.7882,38.2684 "," -72.4480,43.1311 "," -121.3392,45.7057 "," -91.3184,43.8296 "," -81.5543,37.2019 ",
" -159.1452,54.6786 ",," -94.1885,33.5872 "," -114.5847,34.8172 "," -114.7302,33.3041 ",,,," -82.1997,24.6982 "," -84.9257,30.7831 ",," -95.8804,41.2819 "," -112.1663,41.9962 "," -91.1151,40.6963 "," -87.9710,38.1313 ",," -86.8250,37.9864 "," -91.9061,29.2864 ",," -77.4577,39.2269 "," -70.9717,43.5675 "," -82.6680,42.5354 "," -94.2531,48.6547 "," -94.8944,39.8296 "," -91.2291,33.4337 "," -104.0199,44.9978 "," -76.8109,34.5880 ",,," -72.4150,43.3741 ",,,," -73.3667,44.7419 ",,," -119.7839,45.8498 ",,,,," -88.1667,36.4986 "," -99.5375,27.3059 ",," -79.8129,38.3093 "," -72.4507,43.0679 "," -121.4010,45.6932 "," -91.2524,43.6440 "," -81.6724,37.1953 ",
" -155.4634,55.6567 ",," -94.0375,33.5345 "," -114.6341,34.8724 "," -114.7206,33.2858 ",,,," -81.3977,25.2112 "," -84.9586,30.9117 ",," -95.8653,41.0338 "," -113.8458,41.9871 "," -91.0890,40.8232 "," -87.9284,38.1497 ",," -87.0406,37.9095 "," -92.7452,29.4360 ",," -77.5666,39.3051 "," -71.0829,45.3029 "," -82.7257,42.4746 "," -94.2792,48.7046 "," -94.9384,39.8845 "," -91.2524,33.5414 "," -111.0498,44.9959 "," -77.1378,34.5314 ",,," -72.3807,43.4988 ",,,," -73.3873,44.6139 ",,," -119.6658,45.8575 ",,,,," -88.0692,36.4997 "," -99.4290,27.1948 ",," -79.7662,38.3589 "," -72.4438,43.0067 "," -121.5328,45.7263 "," -91.2305,43.5167 "," -81.7685,37.2697 ",
" -152.1400,57.3510 ",," -94.0430,33.4314 "," -114.6313,34.9490 "," -114.6808,33.2754 ",,,," -81.4622,25.6019 "," -84.9985,30.9741 ",," -95.8365,40.8346 "," -114.0422,41.9942 "," -90.9792,40.9312 "," -87.9387,38.1734 ",," -87.1381,37.7935 "," -93.8177,29.6009 ",," -77.6321,39.3067 ",," -82.7250,42.4726 "," -94.4467,48.6982 "," -95.0153,39.8971 "," -91.1838,33.6135 "," -111.0512,44.4750 "," -77.4481,34.3910 ",,," -72.4013,43.5127 ",,,," -73.3736,44.5787 ",,," -119.6136,45.9149 ",,,,," -88.0637,36.6871 "," -99.4455,27.0175 ",," -79.7401,38.3513 "," -72.4699,42.9846 "," -121.6145,45.7091 "," -91.2085,43.3342 "," -81.8701,37.3003 ",
" -150.8203,59.2209 ",," -94.0430,33.0213 "," -114.6351,35.0342 "," -114.6698,33.2582 ",,,," -81.9456,25.9235 "," -85.0630,31.1282 ",," -95.8461,40.6775 "," -114.8222,42.0013 "," -91.0162,41.1642 "," -87.9730,38.1939 ",," -87.4168,37.9420 "," -93.8631,29.6749 ",," -77.7159,39.3202 ",," -82.8280,42.3738 "," -94.6925,48.7861 "," -95.0922,39.8718 "," -91.2524,33.6878 ",," -77.7983,34.0481 ",,," -72.3779,43.5834 ",,,," -73.3049,44.4916 ",,," -119.5724,45.9244 ",,,,,," -99.3164,26.8829 ",," -79.7333,38.3869 "," -72.5276,42.9645 "," -121.7361,45.6947 "," -91.0547,43.2932 "," -81.9333,37.3636 ",
" -147.4461,59.7695 ",,," -114.6451,35.1019 "," -114.6904,33.2467 ",,,," -82.2876,26.3439 "," -85.1070,31.2116 ",," -95.7610,40.5837 "," -115.9126,41.9973 "," -91.1055,41.2355 "," -87.9813,38.2349 ",," -87.5858,37.9745 "," -93.8933,29.7370 ",," -77.7626,39.3383 ",," -82.9440,42.3469 "," -94.6788,48.8756 "," -95.3119,40.0066 "," -91.1261,33.6969 ",," -77.9260,33.7666 ",,," -72.3134,43.6420 ",,,," -73.2953,44.4289 ",,," -119.5258,45.9110 ",,,,,," -99.2065,26.6867 ",," -79.6893,38.4321 "," -72.5331,42.8951 "," -121.8095,45.7067 "," -91.1865,43.1651 "," -81.9772,37.4574 ",
" -145.9850,60.3521 ",,," -114.6190,35.1233 "," -114.6794,33.1720 ",,,," -82.5307,26.9098 "," -85.0493,31.5247 ",,," -117.0140,41.9962 "," -91.0368,41.4170 "," -87.9421,38.2608 ",," -87.6929,37.8749 "," -93.9304,29.7930 ",," -77.7544,39.3810 ",," -82.9550,42.3382 "," -94.7488,49.0955 "," -95.4794,40.2460 "," -91.1426,33.7883 ",," -78.4863,33.7963 ",,," -72.3024,43.6758 ",,,," -73.3365,44.3513 ",,," -119.2676,45.9378 ",,,,,," -99.0967,26.4116 ",," -79.6948,38.4987 "," -72.5633,42.8639 "," -121.9338,45.6452 "," -91.1536,43.0257 "," -82.0308,37.4912 ",
" -144.1544,59.8917 ",,," -114.5682,35.1716 "," -114.7083,33.0904 ",,,," -82.8342,27.3315 "," -85.1358,31.8006 ",,," -117.0264,42.0013 "," -90.8487,41.4458 "," -87.8604,38.2759 ",," -87.8906,37.9215 "," -93.9276,29.8216 ",," -77.7602,39.4288 ",," -83.0779,42.3098 "," -94.7955,49.1889 "," -95.6635,40.3256 "," -91.0437,33.7700 ",,,,," -72.3079,43.7036 ",,,," -73.3118,44.2757 ",,," -119.1687,45.9168 ",,,,,," -98.8138,26.3574 ",," -79.6495,38.5857 "," -72.5098,42.7863 "," -122.0451,45.6088 "," -91.1426,42.9082 "," -82.1558,37.6142 ",
" -141.6811,59.8172 ",,," -114.5984,35.3364 "," -114.6918,33.0858 ",,,," -83.0182,27.7565 "," -85.0919,31.9592 ",,," -117.0277,43.7820 "," -90.7251,41.4417 "," -87.8302,38.3029 ",," -87.9552,37.7761 "," -93.8370,29.8883 ",," -77.8038,39.4367 ",," -83.1294,42.2392 "," -94.8175,49.3189 "," -95.7527,40.5879 "," -91.0327,33.8339 ",,,,," -72.2694,43.7344 ",,,," -73.3818,44.1980 ",,," -119.0149,45.9779 ",,,,,," -98.6668,26.2257 ",," -79.5328,38.5492 "," -72.5166,42.7652 "," -122.1089,45.5833 "," -91.0547,42.7692 "," -82.3535,37.8054 ",
" -140.5124,59.5225 ",,," -114.6643,35.4506 "," -114.6629,33.0328 ",,,," -83.0017,28.0574 "," -85.0342,32.1570 ",,," -117.0325,43.8330 "," -90.3516,41.5816 "," -87.8350,38.3233 ",," -88.0307,37.7903 "," -93.7985,29.9811 ",," -77.7997,39.4606 ",," -83.1342,42.1741 "," -94.9631,49.3815 "," -94.3135,40.5795 "," -91.0657,33.8795 ",,,,," -72.2035,43.7741 ",,,," -73.4079,44.1142 ",,," -118.9847,46.0027 ",,,,,," -98.5474,26.2343 ",," -79.4724,38.4557 "," -72.4741,42.7541 "," -122.1426,45.5838 "," -90.7910,42.6915 "," -82.5513,38.0481 ",
" -138.8548,59.0292 ",,," -114.6753,35.5780 "," -114.6451,33.0501 ",,,," -82.8548,28.6098 "," -84.9023,32.2500 ",,," -117.0030,43.8632 "," -90.2637,41.7713 "," -87.8137,38.3567 ",," -88.1584,37.6479 "," -93.7601,30.0144 ",," -77.7859,39.5019 ",," -83.1212,42.1267 "," -95.0400,49.3538 "," -92.5818,40.5962 "," -91.0876,33.9434 ",,,,," -72.1870,43.8187 ",,,," -73.4367,44.0511 ",,," -116.9165,45.9970 ",,,,,," -98.3276,26.1357 ",," -79.3103,38.4149 "," -72.4590,42.7289 "," -122.2009,45.5660 "," -90.7031,42.6340 "," -82.6392,38.1864 ",
" -136.8526,57.9032 ",,," -114.6547,35.6171 "," -114.6286,33.0305 ",,,," -83.0264,28.9697 "," -84.9628,32.3974 ",,," -116.9776,43.9073 "," -90.1538,41.9023 "," -87.7739,38.3767 ",," -88.0664,37.5097 "," -93.7106,30.0691 ",," -77.8436,39.5062 ",," -83.1493,42.0411 "," -95.1196,49.3681 "," -91.7358,40.6140 "," -90.9998,33.9889 ",,,,," -72.1843,43.8672 ",,,," -73.4065,44.0165 ",,," -116.8781,45.9569 ",,,,,," -98.1697,26.0457 ",," -79.2087,38.5138 "," -73.2761,42.7465 "," -122.2641,45.5439 "," -90.6303,42.5096 "," -82.5966,38.3761 ",
" -136.0725,56.9157 ",,," -114.6918,35.6528 "," -114.5888,33.0282 ",,,," -83.2050,29.0478 "," -85.0342,32.5468 ",,," -116.9302,44.0244 "," -90.1758,42.0819 "," -87.7444,38.4116 ",," -88.4180,37.4193 "," -93.7354,30.0929 ",," -77.8217,39.5210 ",," -83.1116,41.9600 "," -95.1553,49.3877 ",," -90.9229,34.0253 ",,,,," -72.1568,43.8890 ",,,," -73.4079,43.9375 ",,," -116.8588,45.8957 ",,,,,," -97.9143,26.0518 ",," -79.1016,38.6576 "," -73.2912,42.8025 "," -122.3321,45.5482 ",," -82.4854,38.4106 ",
" -134.9794,56.1555 ",,," -114.7028,35.7053 "," -114.5750,33.0351 ",,,," -83.5318,29.4157 "," -85.1001,32.6949 ",,," -116.9735,44.0491 "," -90.3598,42.2021 "," -87.6448,38.5149 ",," -88.5086,37.2784 "," -93.6996,30.1166 ",," -77.8354,39.5337 ",," -83.4164,41.7344 "," -95.1553,48.9991 ",," -90.9009,34.0891 ",,,,," -72.1321,43.9117 ",,,," -73.3749,43.8771 ",,," -116.8066,45.8747 ",,,,,," -97.6643,26.0050 ",," -79.0851,38.6941 "," -73.2850,42.8357 "," -122.3795,45.5756 ",," -82.3412,38.4407 ",
" -134.0057,55.3237 ",,," -114.7093,35.8050 "," -114.5174,33.0328 ",,,," -83.9767,29.9133 "," -85.1660,32.8138 ",,," -116.9330,44.1014 "," -90.4395,42.2936 "," -87.6723,38.5460 ",," -88.4248,37.1428 "," -93.7271,30.1997 ",," -77.8656,39.5231 ",," -83.8724,41.7211 "," -97.2304,49.0000 ",," -90.9668,34.1345 ",,,,," -72.1198,43.9454 ",,,," -73.3914,43.8167 ",,," -116.7902,45.8307 ",,,,,," -97.4020,25.8419 ",," -79.1016,38.7112 "," -73.2678,43.0679 "," -122.4392,45.5636 ",," -82.2876,38.5890 ",
" -133.6418,54.6341 ",,," -114.6602,35.8679 "," -114.4913,32.9718 ",,,," -84.1072,29.8930 "," -85.2072,32.9833 ",,," -116.8945,44.1561 "," -90.5356,42.4032 "," -87.6105,38.5949 ",," -88.5059,37.0738 "," -93.7106,30.2899 ",," -77.8848,39.5591 ",," -84.3736,41.7057 "," -97.1851,48.8647 ",," -90.9119,34.1709 ",,,,," -72.1170,44.0017 ",,,," -73.3557,43.7790 ",,," -116.7654,45.8192 ",,,,,," -97.3526,25.9074 ",," -79.0576,38.7712 "," -73.2472,43.5022 "," -122.5676,45.6006 ",," -82.1764,38.5976 ",
" -130.6261,54.7135 ",,," -114.7426,35.9836 "," -114.4775,32.9764 ",,,," -84.4409,29.6940 "," -85.3418,33.6512 ",,," -116.9714,44.1965 "," -90.6564,42.4843 "," -87.6242,38.5986 ",," -88.7421,37.1461 "," -93.7656,30.3350 ",," -77.8821,39.6015 ",," -84.8062,41.6965 "," -97.1576,48.7806 ",," -90.8501,34.1345 ",,,,," -72.0470,44.0856 ",,,," -73.4244,43.6460 ",,," -116.7105,45.8231 ",,,,,," -97.0148,25.9679 ",," -79.0604,38.7926 "," -73.2561,43.5615 "," -122.6891,45.6236 ",," -82.2148,38.7980 ",
" -129.9930,55.2869 ",,," -114.7536,36.0891 "," -114.4844,32.9372 ",,,," -85.0465,29.4551 "," -85.5231,34.5620 ",,," -116.9810,44.2442 ",," -87.5343,38.6828 ",," -88.9522,37.2249 "," -93.7601,30.3871 ",," -77.9974,39.6078 ",," -84.8076,41.7611 "," -97.1040,48.6683 ",," -90.9338,34.2277 ",,,,," -72.0552,44.1093 ",,,," -73.4340,43.5893 ",,," -116.6748,45.7828 ",,,,,," -97.0697,26.1789 ",," -79.0247,38.7926 "," -73.2939,43.5774 "," -122.7647,45.6582 ",," -82.0280,39.0160 ",
" -130.0108,55.9869 ",,," -114.6794,36.1124 "," -114.4679,32.8427 ",,,," -85.3610,29.4946 "," -85.6068,34.9929 ",,," -117.0339,44.2486 ",," -87.5075,38.7284 ",," -89.0964,37.1406 "," -93.6914,30.4416 ",," -78.0222,39.6247 ",," -87.2067,41.7621 "," -97.1645,48.5539 ",," -90.8267,34.2833 ",,,,," -72.0387,44.1428 ",,,," -73.3969,43.5655 ",,," -116.6144,45.7828 ",,,,,," -97.2249,26.8253 ",," -78.9944,38.8504 "," -73.3049,43.6271 "," -122.7750,45.6817 ",," -81.9649,38.9615 ",
" -130.1083,56.1057 ",,," -114.6327,36.1423 "," -114.5091,32.8161 ",,,," -85.5807,29.7262 ",,,," -117.0525,44.2304 ",," -87.4972,38.7696 ",," -89.1815,37.0278 "," -93.7106,30.5102 ",," -78.1430,39.6924 ",," -87.0241,42.4934 "," -97.1411,48.2832 ",," -90.6921,34.3434 ",,,,," -72.0580,44.1763 ",,,," -73.3818,43.6112 ",,," -116.5430,45.7522 ",,,,,," -97.0752,27.4230 ",," -78.8736,38.7637 "," -73.3557,43.6271 "," -122.7619,45.7613 ",," -81.8756,38.8750 ",
" -131.5887,56.6086 ",,," -114.4872,36.1301 "," -114.5311,32.7850 ",,,," -86.1946,30.1594 ",,,," -117.0895,44.2585 ",," -87.5322,38.8247 ",," -89.1032,36.9488 "," -93.7463,30.5433 ",," -78.1924,39.6945 ",," -87.1477,43.3771 "," -97.1397,48.1578 ",," -90.6509,34.3774 ",,,,," -72.0703,44.1999 ",,,," -73.3049,43.6271 ",,," -116.5402,45.6889 ",,,,,," -96.6096,28.0599 ",," -78.7830,38.8857 "," -73.3976,43.5675 "," -122.7962,45.8106 ",," -81.7671,38.9370 ",
" -132.8755,57.8404 ",,," -114.3690,36.1445 "," -114.5284,32.7573 ",,,," -86.8510,30.2175 ",,,," -117.1122,44.2806 ",," -87.5171,38.9039 ",," -89.1733,36.8214 "," -93.7106,30.5954 ",," -78.2062,39.6839 ",," -87.1216,43.7056 "," -97.0587,47.9633 ",," -90.6152,34.3978 ",,,,," -72.0525,44.2511 ",,,," -73.3063,43.5764 ",,," -116.4606,45.6121 ",,,,,," -95.9285,28.4228 ",," -78.7198,38.9327 "," -73.4326,43.5883 "," -122.7839,45.8642 ",," -81.7657,39.0117 ",
" -133.8423,58.7276 ",,," -114.3038,36.0746 "," -114.5641,32.7503 ",,,," -87.5171,30.1499 ",,,," -117.1541,44.2590 ",," -87.5253,38.9413 ",," -89.1925,36.7411 "," -93.6914,30.5906 ",," -78.2419,39.6839 ",," -87.0474,43.9958 "," -96.9434,47.7098 ",," -90.5589,34.4432 ",,,,," -72.0607,44.2796 ",,,," -73.2582,43.5675 ",,," -116.5567,45.5006 ",,,,,," -95.3036,28.7568 ",," -78.7129,38.9071 "," -73.4285,43.6351 "," -122.8114,45.9120 ",," -81.7520,39.0800 ",
" -134.9121,59.3108 ",,," -114.3172,36.0602 "," -114.6162,32.7353 ",,,," -87.4429,30.3006 ",,,," -117.2255,44.2973 ",," -87.5281,38.9712 ",," -89.2007,36.6265 "," -93.6859,30.6545 ",," -78.2281,39.6586 ",," -86.9939,44.1674 "," -96.8582,47.5821 ",," -90.5740,34.5179 ",,,,," -72.0291,44.3199 ",,,," -73.2445,43.5227 ",,," -116.5567,45.4640 ",,,,,," -94.7296,29.0742 ",," -78.6291,38.9850 "," -73.4079,43.6684 "," -122.8148,45.9612 ",," -81.7465,39.1790 ",
" -135.4724,59.8020 ",,," -114.2451,36.0163 "," -114.6986,32.7480 ",,,," -87.3750,30.4256 ",,,," -117.1994,44.3445 ",," -87.5761,38.9872 ",," -89.2529,36.5449 "," -93.6365,30.6781 ",," -78.2776,39.6226 ",," -86.8662,44.4720 "," -96.8335,47.2345 ",," -90.5823,34.5880 ",,,,," -71.9783,44.3376 ",,,," -73.2582,43.2582 ",,," -116.5869,45.4447 ",,,,,," -94.3355,29.3810 ",," -78.6044,38.9658 "," -73.3907,43.7031 "," -122.8587,46.0160 ",," -81.5872,39.2642 ",
" -136.3445,59.6039 ",,," -114.1438,36.0402 "," -114.7220,32.7191 ",,,," -87.3743,30.4830 ",,,," -117.2372,44.3813 ",," -87.6228,39.0906 ",," -89.3518,36.6232 "," -93.6200,30.7513 ",," -78.3517,39.6438 ",," -86.6849,44.8841 "," -96.8005,46.6702 ",," -90.5356,34.7506 ",,,,," -71.9289,44.3592 ",,,," -73.2733,42.9715 ",,," -116.6721,45.3213 ",,,,,," -93.8205,29.6021 ",," -78.5522,39.0170 "," -73.3516,43.7701 "," -122.8848,46.0604 ",," -81.4499,39.3969 ",
" -136.8251,59.1619 ",,," -114.1150,36.0979 "," -115.1944,32.6868 ",,,," -87.3907,30.5658 ",,,," -117.2269,44.4769 ",," -87.6517,39.1066 ",," -89.5345,36.4986 "," -93.5925,30.7890 ",," -78.3765,39.6120 ",," -86.5009,45.0813 "," -96.7126,46.5135 ",," -90.5136,34.7913 ",,,,," -71.8712,44.3366 ",,,," -73.2898,42.8004 ",,," -116.6940,45.2633 ",,,,,," -93.9317,29.8013 ",," -78.5770,39.0384 "," -73.3928,43.8207 "," -122.9034,46.0832 ",," -81.3675,39.3481 ",
" -137.6079,59.2441 ",,," -114.1274,36.1101 "," -117.3395,32.5121 ",,,," -87.4004,30.6344 ",,,," -117.1836,44.5234 ",," -87.6599,39.1365 ",,," -93.5513,30.8150 ",," -78.4067,39.6036 ",," -86.2495,45.2353 "," -96.6028,46.2786 ",," -90.4532,34.8780 ",,,,," -71.8135,44.3572 ",,,," -73.2664,42.7460 ",,," -116.7325,45.1414 ",,,,,," -93.8136,29.9157 ",," -78.5083,39.0938 "," -73.3832,43.8533 "," -122.9597,46.1028 ",," -81.2370,39.4012 ",
" -139.2119,60.0902 ",,," -114.1054,36.1190 "," -117.4823,32.7838 ",,,," -87.4141,30.6763 ",,,," -117.1458,44.5376 ",," -87.6366,39.1695 ",,," -93.5623,30.8645 ",," -78.4177,39.5824 ",," -86.7563,45.4438 "," -96.5767,46.0189 ",," -90.3543,34.8476 ",,,,," -71.8108,44.3877 ",,,," -73.3708,42.4630 ",,," -116.7764,45.1065 ",,,,,," -93.7230,30.0489 ",," -78.4314,39.1492 "," -73.3969,43.9033 "," -123.0579,46.1556 ",," -81.1093,39.4691 ",
" -139.0938,60.3575 ",,," -114.0463,36.1989 "," -117.5977,33.0501 ",,,," -87.5253,30.7702 ",,,," -117.0442,44.7423 ",," -87.5899,39.2493 ",,," -93.5788,30.8881 ",," -78.4245,39.5750 ",," -87.0996,45.4438 "," -96.5891,45.8173 ",," -90.2911,34.8702 ",,,,," -71.7778,44.4014 ",,,," -73.5095,42.0840 ",,," -116.7847,45.0696 ",,,,,," -93.6996,30.1214 ",," -78.4039,39.1684 "," -73.4086,43.9365 "," -123.1210,46.1865 ",," -81.0104,39.5644 ",
" -140.0056,60.1866 ",,," -114.0450,36.3638 "," -117.6814,33.2341 ",,,," -87.6256,30.8527 ",,,," -116.9316,44.7921 ",," -87.5336,39.3492 ",,," -93.5541,30.9187 ",," -78.4232,39.5464 ",," -87.1518,45.3772 "," -96.8486,45.6169 ",," -90.3062,35.0041 ",,,,," -71.7380,44.4122 ",,,," -73.4903,42.0218 ",,," -116.8451,45.0231 ",,,,,," -93.7216,30.2021 ",," -78.4314,39.1939 "," -73.4134,43.9795 "," -123.1664,46.1893 ",," -80.9198,39.6120 ",
" -140.9999,60.3059 ",,," -114.0508,37.0001 "," -118.0591,33.4578 ",,,," -87.5912,30.9470 ",,,," -116.8980,44.8568 ",," -87.5253,41.7600 ",,," -93.5294,30.9423 ",," -78.4698,39.5146 ",," -87.1710,45.3502 "," -96.7456,45.4601 ",,,,,,," -71.6597,44.4416 ",,,," -73.4999,41.8808 ",,," -116.8616,44.9765 ",,,,,," -93.7038,30.2792 ",," -78.3380,39.3470 "," -73.4381,44.0427 "," -123.2810,46.1446 ",," -80.8319,39.6522 ",
" -141.0205,70.0187 ",,,," -118.6290,33.5403 ",,,," -87.5912,30.9682 ",,,," -116.8327,44.9356 ",,,,," -93.5760,31.0082 ",," -78.5687,39.5189 ",," -87.3166,45.2401 "," -96.5918,45.3676 ",,,,,,," -71.6542,44.4642 ",,,," -73.5535,41.2953 ",,," -116.8286,44.9298 ",,,,,," -93.7628,30.3278 ",," -78.3380,39.3853 "," -73.4141,44.1058 "," -123.3703,46.1470 ",," -80.8072,39.8054 ",
,,,," -118.7073,33.7928 ",,,," -87.6050,30.9964 ",,,," -116.8513,44.9624 ",,,,," -93.5101,31.0318 ",," -78.6676,39.5337 ",," -87.4059,45.2024 "," -96.4558,45.2961 ",,,,,,," -71.5855,44.5073 ",,,," -73.4834,41.2128 ",,," -116.9302,44.7955 ",,,,,," -93.7587,30.3835 ",," -78.3469,39.4659 "," -73.3928,44.1921 "," -123.4314,46.1822 ",," -80.7893,39.8802 ",
,,,," -119.3706,33.9582 ",,,,,,,," -116.8554,44.9896 ",,,,," -93.5596,31.0906 ",," -78.7390,39.5888 ",," -87.4416,45.0774 "," -96.4531,43.5008 ",,,,,,," -71.5746,44.5357 ",,,," -73.7275,41.1011 ",,," -117.0346,44.7487 ",,,,,," -93.7010,30.4380 ",," -77.9744,39.2283 "," -73.3427,44.2393 "," -123.4287,46.2293 ",," -80.7990,39.8518 ",
,,,," -120.0050,34.1925 ",,,,,,,," -116.8417,45.0313 ",,,,," -93.5321,31.1211 ",," -78.7720,39.6015 ",," -87.5912,45.0910 ",,,,,,,," -71.6048,44.5601 ",,,," -73.6644,41.0237 ",,," -117.1225,44.5787 ",,,,,," -93.7024,30.5079 ",," -77.8302,39.1338 "," -73.3186,44.2467 "," -123.4946,46.2691 ",," -80.7495,40.0980 ",
,,,," -120.7164,34.2561 ",,,,,,,," -116.7819,45.0968 ",,,,," -93.5349,31.1799 ",," -78.7363,39.6184 ",," -87.6407,45.1036 ",,,,,,,," -71.5897,44.5680 ",,,," -73.6578,40.9851 ",,," -117.1445,44.5455 ",,,,,," -93.7299,30.5362 ",," -77.7355,39.3130 "," -73.3406,44.3484 "," -123.5557,46.2582 ",," -80.7262,40.2282 ",
,,,," -120.9128,34.5360 ",,,,,,,," -116.7229,45.1627 ",,,,," -93.5953,31.1658 ",," -78.7775,39.6438 ",," -87.6970,45.2207 ",,,,,,,," -71.5649,44.5680 ",,,," -73.6132,40.9509 ",,," -117.2076,44.4847 ",,,,,," -93.6694,30.6296 ",," -77.7090,39.3213 "," -73.3385,44.3690 "," -123.6209,46.2573 ",," -80.6918,40.3926 ",
,,,," -120.8427,34.9749 ",,,,,,,," -116.7105,45.2178 ",,,,," -93.6282,31.2292 ",," -78.7912,39.6036 ",," -87.6476,45.3367 ",,,,,,,," -71.5485,44.5914 ",,,," -72.4823,41.1869 ",,," -117.2269,44.4789 ",,,,,," -93.6090,30.7466 ",," -77.6218,39.3043 "," -73.2946,44.4328 "," -123.6875,46.2497 ",," -80.6451,40.5910 ",
,,,," -121.1325,35.2131 ",,,,,,,," -116.6741,45.3213 ",,,,," -93.6118,31.2668 ",," -78.8187,39.6036 ",," -87.6984,45.3878 ",,,,,,,," -71.5649,44.5993 ",,,," -72.0950,41.2551 ",,," -117.2269,44.4063 ",,,,,," -93.5527,30.8114 ",," -77.5686,39.3067 "," -73.3296,44.5367 "," -123.7404,46.2691 ",," -80.5188,40.6338 ",
,,,," -121.3220,35.5255 ",,,,,,,," -116.6185,45.3984 ",,,,," -93.6859,31.3044 ",," -78.8571,39.5549 ",," -87.8494,45.3425 ",,,,,,,," -71.5540,44.6315 ",,,," -71.9714,41.3005 ",,," -117.2488,44.3926 ",,,,,," -93.5747,30.8834 ",," -77.4567,39.2248 "," -73.3832,44.5919 "," -123.8729,46.2350 ",," -80.5174,39.7241 ",
,,,," -121.8013,35.9691 ",,,,,,,," -116.5883,45.4433 ",,,,," -93.6694,31.3888 ",," -78.9203,39.4913 ",," -87.7959,45.5025 ",,,,,,,," -71.5924,44.6608 ",,,," -71.9193,41.3108 ",,," -117.1939,44.3455 ",,,,,," -93.5307,30.9376 ",," -77.5226,39.1543 "," -73.3770,44.6569 "," -123.9292,46.2383 ",," -79.4778,39.7209 ",
,,,," -122.1446,36.2808 ",,,,,,,," -116.5553,45.4630 ",,,,," -93.7051,31.4240 ",," -78.9725,39.4426 ",," -87.7890,45.6726 ",,,,,,,," -71.6130,44.7243 ",,,," -71.7915,41.1838 ",,," -117.2269,44.2983 ",,,,,," -93.5074,31.0318 ",," -77.5243,39.1277 "," -73.3681,44.7477 "," -123.9711,46.2677 ",,,
,,,," -122.1721,36.7268 ",,,,,,,," -116.5334,45.5371 ",,,,," -93.6859,31.4427 ",," -79.0542,39.4834 ",," -87.9318,45.7570 ",,,,,,,," -71.6364,44.7526 ",,,," -71.7929,41.1249 ",,," -117.1774,44.2570 ",,,,,," -93.5266,31.0812 ",," -77.4687,39.0914 "," -73.3317,44.7857 "," -124.0212,46.2924 ",,,
,,,," -122.6871,37.2227 ",,,,,,,," -116.4640,45.6140 ",,,,," -93.7573,31.4755 ",," -79.0604,39.4738 ",," -87.9922,45.7953 ",,,,,,,," -71.5746,44.8198 ",,,," -71.7517,41.0462 ",,," -117.1445,44.2609 ",,,,,," -93.5335,31.1787 ",," -77.4485,39.0720 "," -73.3324,44.8043 "," -124.0329,46.2653 ",,,
,,,," -122.8903,37.7783 ",,,,,,,," -116.5354,45.6904 ",,,,," -93.7189,31.5083 ",," -79.1043,39.4553 ",," -88.1186,45.8058 ",,,,,,,," -71.5526,44.8325 ",,,," -72.9465,40.6306 ",,," -117.1005,44.2806 ",,,,,," -93.5980,31.1670 ",," -77.3427,39.0634 "," -73.3818,44.8398 "," -124.2444,46.2596 ",,,
,,,," -123.2378,37.8965 ",,,,,,,," -116.5354,45.7340 ",,,,," -93.8040,31.5411 ",," -79.1936,39.3853 ",," -88.0870,45.8585 ",,,,,,,," -71.5553,44.8539 ",,,," -73.4628,40.5368 ",,," -117.0511,44.2314 ",,,,,," -93.6832,31.3055 ",," -77.2936,39.0456 "," -73.3564,44.9040 "," -124.2691,46.4312 ",,,
,,,," -123.3202,38.3449 ",,,,,,,," -116.5594,45.7541 ",,,,," -93.8425,31.6113 ",," -79.2705,39.3449 ",," -88.1955,45.9531 ",,,,,,,," -71.5279,44.8744 ",,,," -73.8885,40.4887 ",,," -117.0428,44.2491 ",,,,,," -93.6708,31.3830 ",," -77.2459,39.0168 "," -73.3392,44.9181 "," -124.3529,46.8386 ",,,
,,,," -123.8338,38.7423 ",,,,,,,," -116.6357,45.7843 ",,,,," -93.8205,31.6581 ",," -79.3282,39.3014 ",," -88.3438,45.9722 ",,,,,,,," -71.5018,44.9123 ",,,," -73.9490,40.5232 ",,," -116.9797,44.2432 ",,,,,," -93.6887,31.4369 ",," -77.2445,38.9829 "," -73.3372,44.9643 "," -124.4380,47.1832 ",,,
,,,," -123.9793,38.9946 ",,,,,,,," -116.5965,45.7781 ",,,,," -93.7985,31.7071 ",," -79.4044,39.2535 ",," -88.3891,45.9836 ",,,,,,,," -71.5182,44.9366 ",,,," -74.2271,40.4772 ",,," -116.9742,44.1940 ",,,,,," -93.7202,31.5107 ",," -77.1834,38.9680 "," -73.3537,44.9799 "," -124.5616,47.4689 ",,,
,,,," -124.0329,39.3088 ",,,,,,,," -116.6597,45.7805 ",,,,," -93.8480,31.8029 ",," -79.4696,39.2073 ",," -88.5457,46.0113 ",,,,,,,," -71.5237,44.9697 ",,,," -74.2532,40.4861 ",,," -116.8945,44.1664 ",,,,,," -93.8315,31.5820 ",," -77.1120,38.9250 "," -73.3447,45.0046 "," -124.7566,47.8012 ",,,
,,,," -124.0823,39.7642 ",,,,,,,," -116.7105,45.8259 ",,,,," -93.9029,31.8892 ",," -79.4861,39.2051 ",," -88.7022,45.9970 ",,,,,,,," -71.5443,44.9862 ",,,," -74.1866,40.6468 ",,," -116.9330,44.0935 ",,,,,," -93.8123,31.6440 ",," -77.0464,38.8798 "," -73.3447,45.0109 "," -124.8679,48.0423 ",,,
,,,," -124.5314,40.1663 ",,,,,,,," -116.7586,45.8159 ",,,,," -93.9606,31.9149 ",," -79.4861,39.2546 ",," -88.8135,46.0227 ",,,,,,,," -71.5237,45.0017 ",,,," -74.0547,40.6556 ",,," -116.9714,44.0836 ",,,,,," -93.8232,31.7188 ",," -77.0444,38.7538 "," -73.3426,45.0104 "," -124.8679,48.2457 ",,,
,,,," -124.6509,40.4658 ",,,,,,,," -116.7908,45.8341 ",,,,," -94.0430,32.0081 ",," -79.4854,39.3444 ",," -88.8547,46.0418 ",,,,,,,," -71.5045,45.0163 ",,,," -74.0156,40.7618 ",,," -116.9879,44.0521 ",,,,,," -93.8342,31.7936 ",," -77.0409,38.7142 ",," -124.8486,48.3727 ",,,
,,,," -124.3144,41.0110 ",,,,,,,," -116.8046,45.8642 ",,,,," -94.0430,32.7041 ",," -79.4840,39.3454 ",," -89.0936,46.1408 ",,,,,,,,,,,," -73.9421,40.8699 ",,," -116.9302,44.0244 ",,,,,," -93.8782,31.8309 ",," -77.1312,38.6635 ",," -124.7539,48.4984 ",,,
,,,," -124.3419,41.2386 ",,,,,,,," -116.8595,45.9053 ",,,,," -94.0430,33.0225 ",," -79.4833,39.5316 ",," -90.1222,46.3384 ",,,,,,,,,,,," -73.8934,40.9980 ",,," -116.9659,43.9533 ",,,,,," -93.9221,31.8869 ",," -77.1285,38.6319 ",," -124.4174,48.4096 ",,,
,,,," -124.4545,41.7170 ",,,,,,,," -116.8739,45.9545 ",,,,,,," -79.4772,39.7214 ",," -90.4175,46.5692 ",,,,,,,,,,,," -73.9854,41.0343 ",,," -117.0209,43.8207 ",,,,,," -93.9661,31.9335 ",," -77.2456,38.5935 ",," -124.2389,48.3599 ",,,
,,,," -124.4009,41.9983 ",,,,,,,," -116.8925,45.9769 ",,,,,,,,," -90.2019,46.9034 ",,,,,,,,,,,," -74.6274,41.3268 ",,," -117.0264,43.6639 ",,,,,," -94.0430,32.0081 ",," -77.3094,38.4547 ",," -124.0116,48.2964 ",,,
,,,,,,,,,,,," -116.9302,46.0218 ",,,,,,,,," -89.9547,47.2913 ",,,,,,,,,,,," -74.7084,41.3583 ",,," -117.0264,42.0024 ",,,,,," -94.0430,33.4681 ",," -77.3046,38.3904 ",," -123.9141,48.2795 ",,,
,,,,,,,,,,,," -116.9838,46.0932 ",,,,,,,,," -89.4946,48.0129 ",,,,,,,,,,,," -74.7101,41.3811 ",,," -121.2836,41.9983 ",,,,,," -94.0430,33.5414 ",," -77.2188,38.3500 ",," -123.5413,48.2247 ",,,
,,,,,,,,,,,," -116.9344,46.1385 ",,,,,,,,," -89.3381,47.9743 ",,,,,,,,,,,," -74.8265,41.4386 ",,," -122.5003,42.0085 ",,,,,," -94.1528,33.5689 ",," -77.0622,38.4041 ",," -123.3998,48.2539 ",,,
,,,,,,,,,,,," -116.9268,46.1727 ",,,,,,,,," -88.6761,48.2448 ",,,,,,,,,,,," -74.9913,41.5075 ",,," -123.0798,42.0064 ",,,,,," -94.1968,33.5872 ",," -77.0265,38.4256 ",," -123.2501,48.2841 ",,,
,,,,,,,,,,,," -116.9646,46.2007 ",,,,,,,,," -88.3726,48.3042 ",,,,,,,,,,,," -75.0668,41.6000 ",,," -123.1540,42.0105 ",,,,,," -94.2627,33.5872 ",," -76.9826,38.3039 ",," -123.1169,48.4233 ",,,
,,,,,,,,,,,," -116.9591,46.2435 ",,,,,,,,,,,,,,,,,,,,," -75.0366,41.6719 ",,," -123.2419,42.0044 ",,,,,," -94.3176,33.5689 ",," -76.8851,38.2155 ",," -123.1609,48.4533 ",,,
,,,,,,,,,,,," -116.9920,46.2782 ",,,,,,,,,,,,,,,,,,,,," -75.0545,41.7672 ",,," -123.6209,42.0024 ",,,,,," -94.3945,33.5597 ",," -76.5926,38.1745 ",," -123.2220,48.5548 ",,,
,,,,,,,,,,,," -117.0209,46.3152 ",,,,,,,,,,,,,,,,,,,,," -75.1945,41.8808 ",,," -124.3982,41.9952 ",,,,,," -94.4275,33.5780 ",," -76.2424,37.9496 ",," -123.2336,48.5902 ",,,
,,,,,,,,,,,," -117.0511,46.3446 ",,,,,,,,,,,,,,,,,,,,," -75.3552,42.0013 ",,," -124.5493,42.1593 ",,,,,," -94.4275,33.6055 ",," -76.0501,37.9561 ",," -123.2721,48.6901 ",,,
,,,,,,,,,,,," -117.0408,46.4270 ",,,,,,,,,,,,,,,,,,,,," -75.4266,42.0003 ",,," -124.5877,42.6521 ",,,,,," -94.4495,33.6421 ",," -75.9416,37.9474 ",," -123.0084,48.7675 ",,,
,,,,,,,,,,,," -117.0394,46.9451 ",,,,,,,,,,,,,,,,,,,,," -77.0306,42.0013 ",,," -124.7305,42.8115 ",,,,,," -94.4879,33.6329 ",," -75.9512,37.9085 ",," -123.0084,48.8313 ",,,
,,,,,,,,,,,," -117.0319,48.9996 ",,,,,,,,,,,,,,,,,,,,," -79.7250,41.9993 ",,," -124.4119,43.7552 ",,,,,," -94.5236,33.6421 ",," -75.8002,37.9139 ",," -123.3215,49.0023 ",,,
,,,,,,,,,,,,,,,,,,,,,,,,,,,,,,,,," -79.7621,42.0003 ",,," -124.2554,46.0065 ",,,,,," -94.6637,33.6695 ",," -75.6931,37.9539 ",,,,,
,,,,,,,,,,,,,,,,,,,,,,,,,,,,,,,,," -79.7621,42.1827 ",,," -124.2444,46.2587 ",,,,,," -94.7461,33.7061 ",," -75.6477,37.9474 ",,,,,
,,,,,,,,,,,,,,,,,,,,,,,,,,,,,,,,," -79.7621,42.5146 ",,,,,,,,," -94.8999,33.7791 ",," -75.6258,37.9962 ",,,,,
,,,,,,,,,,,,,,,,,,,,,,,,,,,,,,,,,,,,,,,,,," -95.0757,33.8818 ",," -75.4596,38.0091 ",,,,,
,,,,,,,,,,,,,,,,,,,,,,,,,,,,,,,,,,,,,,,,,," -95.1526,33.9251 ",," -74.9707,38.0373 ",,,,,
,,,,,,,,,,,,,,,,,,,,,,,,,,,,,,,,,,,,,,,,,," -95.2254,33.9604 ",," -75.5777,37.3625 ",,,,,
,,,,,,,,,,,,,,,,,,,,,,,,,,,,,,,,,,,,,,,,,," -95.2858,33.8750 ",," -75.8180,36.8994 ",,,,,
,,,,,,,,,,,,,,,,,,,,,,,,,,,,,,,,,,,,,,,,,," -95.5399,33.8841 ",," -75.8043,36.5516 ",,,,,
,,,,,,,,,,,,,,,,,,,,,,,,,,,,,,,,,,,,,,,,,," -95.7568,33.8887 ",," -76.1476,36.5516 ",,,,,
,,,,,,,,,,,,,,,,,,,,,,,,,,,,,,,,,,,,,,,,,," -95.8420,33.8408 ",," -76.8617,36.5516 ",,,,,
,,,,,,,,,,,,,,,,,,,,,,,,,,,,,,,,,,,,,,,,,," -96.0274,33.8556 ",," -76.9180,36.5516 ",,,,,
,,,,,,,,,,,,,,,,,,,,,,,,,,,,,,,,,,,,,,,,,," -96.3528,33.6901 ",," -76.9180,36.5438 ",,,,,
,,,,,,,,,,,,,,,,,,,,,,,,,,,,,,,,,,,,,,,,,," -96.6179,33.8442 ",," -77.1803,36.5505 ",,,,,
,,,,,,,,,,,,,,,,,,,,,,,,,,,,,,,,,,,,,,,,,," -96.5836,33.8898 ",," -77.5278,36.5449 ",,,,,
,,,,,,,,,,,,,,,,,,,,,,,,,,,,,,,,,,,,,,,,,," -96.6673,33.8955 ",," -80.2730,36.5427 ",,,,,
,,,,,,,,,,,,,,,,,,,,,,,,,,,,,,,,,,,,,,,,,," -96.7538,33.8179 ",," -80.5971,36.5571 ",,,,,
,,,,,,,,,,,,,,,,,,,,,,,,,,,,,,,,,,,,,,,,,," -96.8335,33.8613 ",," -80.7248,36.5626 ",,,,,
,,,,,,,,,,,,,,,,,,,,,,,,,,,,,,,,,,,,,,,,,," -96.8774,33.8613 ",," -80.8511,36.5593 ",,,,,
,,,,,,,,,,,,,,,,,,,,,,,,,,,,,,,,,,,,,,,,,," -96.9159,33.9388 ",," -81.1066,36.5681 ",,,,,
,,,,,,,,,,,,,,,,,,,,,,,,,,,,,,,,,,,,,,,,,," -97.0917,33.7392 ",," -81.4746,36.5813 ",,,,,
,,,,,,,,,,,,,,,,,,,,,,,,,,,,,,,,,,,,,,,,,," -97.1645,33.7449 ",," -81.5007,36.5802 ",,,,,
,,,,,,,,,,,,,,,,,,,,,,,,,,,,,,,,,,,,,,,,,," -97.2180,33.8978 ",," -81.6792,36.5902 ",,,,,
,,,,,,,,,,,,,,,,,,,,,,,,,,,,,,,,,,,,,,,,,," -97.3746,33.8225 ",," -81.6476,36.6122 ",,,,,
,,,,,,,,,,,,,,,,,,,,,,,,,,,,,,,,,,,,,,,,,," -97.4611,33.8305 ",," -81.9237,36.6177 ",,,,,
,,,,,,,,,,,,,,,,,,,,,,,,,,,,,,,,,,,,,,,,,," -97.4460,33.8761 ",," -81.9360,36.5935 ",,,,,
,,,,,,,,,,,,,,,,,,,,,,,,,,,,,,,,,,,,,,,,,," -97.6945,33.9798 ",," -82.3961,36.5957 ",,,,,
,,,,,,,,,,,,,,,,,,,,,,,,,,,,,,,,,,,,,,,,,," -97.8648,33.8476 ",," -82.9344,36.5935 ",,,,,
,,,,,,,,,,,,,,,,,,,,,,,,,,,,,,,,,,,,,,,,,," -97.9651,33.8978 ",," -83.2654,36.5957 ",,,,,
,,,,,,,,,,,,,,,,,,,,,,,,,,,,,,,,,,,,,,,,,," -98.0983,34.0299 ",," -83.6746,36.6023 ",,,,,
,,,,,,,,,,,,,,,,,,,,,,,,,,,,,,,,,,,,,,,,,," -98.1752,34.1141 ",,,,,,,
,,,,,,,,,,,,,,,,,,,,,,,,,,,,,,,,,,,,,,,,,," -98.3743,34.1425 ",,,,,,,
,,,,,,,,,,,,,,,,,,,,,,,,,,,,,,,,,,,,,,,,,," -98.4773,34.0640 ",,,,,,,
,,,,,,,,,,,,,,,,,,,,,,,,,,,,,,,,,,,,,,,,,," -98.5529,34.1209 ",,,,,,,
,,,,,,,,,,,,,,,,,,,,,,,,,,,,,,,,,,,,,,,,,," -98.7520,34.1232 ",,,,,,,
,,,,,,,,,,,,,,,,,,,,,,,,,,,,,,,,,,,,,,,,,," -98.9539,34.2095 ",,,,,,,
,,,,,,,,,,,,,,,,,,,,,,,,,,,,,,,,,,,,,,,,,," -99.0637,34.2073 ",,,,,,,
,,,,,,,,,,,,,,,,,,,,,,,,,,,,,,,,,,,,,,,,,," -99.1832,34.2141 ",,,,,,,
,,,,,,,,,,,,,,,,,,,,,,,,,,,,,,,,,,,,,,,,,," -99.2505,34.3593 ",,,,,,,
,,,,,,,,,,,,,,,,,,,,,,,,,,,,,,,,,,,,,,,,,," -99.3823,34.4613 ",,,,,,,
,,,,,,,,,,,,,,,,,,,,,,,,,,,,,,,,,,,,,,,,,," -99.4318,34.3774 ",,,,,,,
,,,,,,,,,,,,,,,,,,,,,,,,,,,,,,,,,,,,,,,,,," -99.5718,34.4160 ",,,,,,,
,,,,,,,,,,,,,,,,,,,,,,,,,,,,,,,,,,,,,,,,,," -99.6158,34.3706 ",,,,,,,
,,,,,,,,,,,,,,,,,,,,,,,,,,,,,,,,,,,,,,,,,," -99.8094,34.4726 ",,,,,,,
,,,,,,,,,,,,,,,,,,,,,,,,,,,,,,,,,,,,,,,,,," -99.9934,34.5631 ",,,,,,,
,,,,,,,,,,,,,,,,,,,,,,,,,,,,,,,,,,,,,,,,,," -100.0017,36.4975 ",,,,,,,
,,,,,,,,,,,,,,,,,,,,,,,,,,,,,,,,,,,,,,,,,," -103.0408,36.5008 ",,,,,,,
,,,,,,,,,,,,,,,,,,,,,,,,,,,,,,,,,,,,,,,,,," -103.0655,32.0011 ",,,,,,,
,,,,,,,,,,,,,,,,,,,,,,,,,,,,,,,,,,,,,,,,,," -106.6168,32.0023 ",,,,,,,
